od_pair,0,1,2,3,4,5,6,7,8,9,10,11,12,13,14,15,16,17,18,19,20,21,22,23
Alor Setar → Alor Setar,4.0,1.0,1.0,4.0,1.0,0.0,78.0,47.0,12.0,11.0,17.0,15.0,12.0,23.0,24.0,17.0,11.0,25.0,17.0,17.0,6.0,5.0,12.0,1.0
Alor Setar → Anak Bukit,3.0,3.0,0.0,1.0,1.0,5.0,74.0,98.0,92.0,97.0,54.0,118.0,78.0,139.0,118.0,215.0,214.0,267.0,323.0,164.0,104.0,49.0,71.0,7.0
Alor Setar → Arau,113.0,53.0,22.0,27.0,42.0,311.0,3574.0,4183.0,2948.0,2118.0,1176.0,1915.0,1517.0,2298.0,1901.0,3845.0,4693.0,5868.0,5709.0,4570.0,3641.0,1689.0,1782.0,394.0
Alor Setar → Bagan Serai,5.0,4.0,2.0,4.0,4.0,82.0,41.0,99.0,65.0,63.0,129.0,102.0,123.0,109.0,156.0,149.0,139.0,179.0,64.0,83.0,48.0,3.0,1.0,1.0
Alor Setar → Bukit Ketri,15.0,2.0,4.0,9.0,15.0,239.0,566.0,527.0,340.0,235.0,189.0,274.0,172.0,319.0,315.0,570.0,744.0,909.0,1383.0,878.0,598.0,275.0,286.0,75.0
Alor Setar → Bukit Mertajam,194.0,83.0,45.0,32.0,51.0,1636.0,4867.0,3807.0,3814.0,2387.0,3400.0,1717.0,4936.0,1689.0,2919.0,2844.0,3187.0,2963.0,3082.0,2992.0,1680.0,1800.0,426.0,424.0
Alor Setar → Bukit Tengah,102.0,50.0,13.0,14.0,84.0,2416.0,5348.0,5783.0,2586.0,1388.0,1584.0,875.0,1496.0,748.0,1231.0,1577.0,1575.0,1796.0,2013.0,1974.0,1066.0,1542.0,529.0,441.0
Alor Setar → Butterworth,488.0,199.0,80.0,79.0,132.0,2398.0,6840.0,7700.0,7908.0,4711.0,7434.0,3695.0,6559.0,3354.0,5546.0,5535.0,4790.0,4649.0,3802.0,3637.0,1631.0,1841.0,459.0,281.0
Alor Setar → Gurun,42.0,24.0,9.0,8.0,8.0,306.0,1408.0,1017.0,723.0,526.0,625.0,604.0,741.0,885.0,921.0,1638.0,1651.0,2465.0,2241.0,1338.0,710.0,703.0,415.0,26.0
Alor Setar → Ipoh,111.0,67.0,29.0,15.0,45.0,559.0,421.0,771.0,514.0,430.0,792.0,596.0,805.0,454.0,969.0,882.0,729.0,579.0,275.0,111.0,86.0,101.0,11.0,0.0
Alor Setar → Kamunting,8.0,4.0,2.0,3.0,4.0,47.0,43.0,123.0,109.0,56.0,153.0,107.0,149.0,108.0,130.0,205.0,134.0,160.0,118.0,21.0,22.0,2.0,1.0,0.0
Alor Setar → Kobah,12.0,4.0,4.0,3.0,9.0,56.0,380.0,372.0,294.0,154.0,208.0,264.0,339.0,421.0,543.0,1055.0,1050.0,1718.0,1404.0,923.0,487.0,362.0,372.0,7.0
Alor Setar → Kodiang,7.0,5.0,1.0,4.0,3.0,17.0,535.0,656.0,270.0,208.0,134.0,229.0,218.0,318.0,278.0,660.0,793.0,995.0,908.0,621.0,435.0,207.0,263.0,26.0
Alor Setar → Kuala Kangsar,7.0,7.0,1.0,7.0,5.0,74.0,84.0,165.0,93.0,74.0,161.0,107.0,177.0,120.0,210.0,241.0,179.0,185.0,43.0,24.0,52.0,10.0,3.0,0.0
Alor Setar → Nibong Tebal,14.0,15.0,4.0,5.0,7.0,154.0,129.0,478.0,149.0,109.0,215.0,147.0,244.0,146.0,336.0,293.0,388.0,357.0,188.0,79.0,16.0,13.0,2.0,1.0
Alor Setar → Padang Besar,178.0,104.0,67.0,104.0,166.0,1009.0,2717.0,4366.0,4630.0,4164.0,2491.0,4078.0,2184.0,2980.0,2025.0,4191.0,4403.0,3673.0,3013.0,1638.0,759.0,353.0,255.0,114.0
Alor Setar → Padang Rengas,0.0,1.0,0.0,1.0,0.0,17.0,8.0,32.0,65.0,17.0,42.0,34.0,22.0,26.0,23.0,40.0,45.0,59.0,19.0,8.0,29.0,4.0,0.0,0.0
Alor Setar → Parit Buntar,5.0,5.0,2.0,4.0,4.0,137.0,132.0,350.0,126.0,131.0,271.0,164.0,273.0,199.0,409.0,319.0,446.0,451.0,201.0,129.0,29.0,11.0,3.0,1.0
Alor Setar → Penalty,0.0,0.0,0.0,0.0,0.0,0.0,61.0,28.0,2.0,2.0,9.0,3.0,3.0,0.0,0.0,1.0,1.0,0.0,0.0,1.0,0.0,0.0,0.0,1.0
Alor Setar → Simpang Ampat,18.0,16.0,7.0,5.0,8.0,116.0,124.0,270.0,124.0,146.0,223.0,142.0,365.0,178.0,400.0,311.0,347.0,364.0,277.0,201.0,17.0,3.0,7.0,2.0
Alor Setar → Sungai Petani,246.0,108.0,57.0,109.0,59.0,1109.0,8014.0,8544.0,5590.0,3567.0,3663.0,3262.0,4350.0,3785.0,4404.0,6668.0,7110.0,7195.0,9108.0,5028.0,2731.0,2567.0,1092.0,225.0
Alor Setar → Sungai Siput,2.0,5.0,0.0,2.0,1.0,25.0,26.0,59.0,66.0,32.0,64.0,29.0,82.0,53.0,84.0,116.0,70.0,76.0,11.0,6.0,11.0,7.0,0.0,1.0
Alor Setar → Taiping,23.0,11.0,6.0,2.0,9.0,207.0,187.0,348.0,500.0,157.0,481.0,268.0,327.0,271.0,385.0,452.0,356.0,461.0,171.0,45.0,76.0,13.0,9.0,0.0
Alor Setar → Tasek Gelugor,99.0,60.0,34.0,14.0,56.0,1069.0,3874.0,3212.0,2161.0,1475.0,1718.0,1217.0,1943.0,1292.0,2172.0,2595.0,3146.0,3185.0,3724.0,2505.0,1380.0,1308.0,383.0,267.0
Alor Setar → Unknown,0.0,0.0,0.0,0.0,0.0,3.0,20.0,18.0,7.0,11.0,8.0,7.0,8.0,5.0,8.0,10.0,14.0,15.0,12.0,6.0,3.0,2.0,0.0,0.0
Anak Bukit → Alor Setar,7.0,6.0,4.0,6.0,0.0,56.0,194.0,187.0,198.0,165.0,175.0,183.0,158.0,146.0,123.0,246.0,172.0,186.0,86.0,59.0,39.0,33.0,29.0,5.0
Anak Bukit → Anak Bukit,25.0,2.0,0.0,1.0,0.0,0.0,27.0,15.0,5.0,7.0,10.0,3.0,6.0,7.0,2.0,6.0,4.0,6.0,3.0,3.0,4.0,0.0,3.0,0.0
Anak Bukit → Arau,48.0,45.0,19.0,8.0,34.0,158.0,1844.0,1916.0,3045.0,1232.0,613.0,987.0,679.0,922.0,864.0,1419.0,1733.0,1661.0,1856.0,1283.0,987.0,373.0,281.0,90.0
Anak Bukit → Bagan Serai,5.0,3.0,1.0,0.0,2.0,110.0,46.0,150.0,66.0,38.0,111.0,63.0,92.0,40.0,122.0,102.0,115.0,97.0,42.0,28.0,15.0,1.0,3.0,1.0
Anak Bukit → Bukit Ketri,5.0,10.0,4.0,7.0,5.0,85.0,315.0,572.0,526.0,194.0,93.0,156.0,124.0,148.0,144.0,269.0,471.0,378.0,300.0,180.0,201.0,66.0,86.0,24.0
Anak Bukit → Bukit Mertajam,91.0,69.0,39.0,34.0,76.0,1628.0,3619.0,3299.0,2373.0,1177.0,1558.0,706.0,1556.0,695.0,1437.0,1530.0,1664.0,1623.0,1786.0,1580.0,966.0,1272.0,330.0,309.0
Anak Bukit → Bukit Tengah,67.0,26.0,8.0,24.0,133.0,2460.0,6490.0,6145.0,3143.0,1105.0,1221.0,517.0,1373.0,449.0,932.0,1256.0,1261.0,1293.0,1516.0,1667.0,863.0,1492.0,309.0,408.0
Anak Bukit → Butterworth,226.0,90.0,33.0,32.0,227.0,2190.0,4379.0,4629.0,3160.0,1954.0,2936.0,1134.0,2350.0,1107.0,2217.0,2161.0,2120.0,2166.0,1555.0,1616.0,760.0,1036.0,231.0,154.0
Anak Bukit → Gurun,10.0,8.0,3.0,0.0,3.0,171.0,1216.0,1041.0,753.0,340.0,439.0,330.0,426.0,351.0,539.0,840.0,1044.0,1554.0,889.0,416.0,242.0,161.0,196.0,9.0
Anak Bukit → Ipoh,55.0,32.0,13.0,18.0,27.0,241.0,370.0,741.0,279.0,241.0,558.0,332.0,524.0,240.0,698.0,506.0,481.0,334.0,118.0,76.0,69.0,73.0,5.0,2.0
Anak Bukit → Kamunting,1.0,3.0,0.0,2.0,6.0,50.0,45.0,120.0,65.0,49.0,102.0,43.0,94.0,91.0,157.0,187.0,159.0,216.0,44.0,30.0,28.0,5.0,0.0,0.0
Anak Bukit → Kobah,5.0,4.0,5.0,0.0,2.0,13.0,358.0,276.0,295.0,104.0,135.0,157.0,159.0,197.0,215.0,312.0,454.0,793.0,472.0,182.0,102.0,69.0,139.0,4.0
Anak Bukit → Kodiang,2.0,6.0,0.0,0.0,1.0,6.0,91.0,89.0,105.0,109.0,48.0,63.0,93.0,104.0,97.0,129.0,203.0,298.0,266.0,165.0,86.0,31.0,56.0,11.0
Anak Bukit → Kuala Kangsar,11.0,2.0,5.0,3.0,6.0,48.0,135.0,193.0,109.0,74.0,206.0,82.0,135.0,127.0,217.0,214.0,165.0,136.0,26.0,26.0,14.0,3.0,1.0,1.0
Anak Bukit → Nibong Tebal,5.0,2.0,2.0,1.0,14.0,105.0,133.0,357.0,60.0,103.0,184.0,79.0,169.0,95.0,246.0,236.0,240.0,233.0,112.0,71.0,8.0,3.0,0.0,2.0
Anak Bukit → Padang Besar,81.0,68.0,23.0,12.0,37.0,276.0,1421.0,2766.0,2991.0,3203.0,1393.0,2426.0,1076.0,1457.0,721.0,1122.0,595.0,396.0,300.0,277.0,191.0,92.0,79.0,22.0
Anak Bukit → Padang Rengas,1.0,0.0,0.0,1.0,0.0,11.0,22.0,32.0,8.0,22.0,34.0,4.0,12.0,15.0,19.0,42.0,34.0,59.0,13.0,6.0,2.0,0.0,0.0,0.0
Anak Bukit → Parit Buntar,7.0,9.0,2.0,5.0,7.0,156.0,162.0,445.0,215.0,165.0,194.0,96.0,253.0,108.0,280.0,329.0,367.0,279.0,105.0,89.0,22.0,4.0,3.0,2.0
Anak Bukit → Penalty,0.0,0.0,0.0,0.0,0.0,0.0,40.0,24.0,4.0,1.0,5.0,0.0,1.0,0.0,0.0,0.0,0.0,0.0,0.0,0.0,0.0,0.0,0.0,0.0
Anak Bukit → Simpang Ampat,6.0,2.0,2.0,0.0,12.0,45.0,86.0,175.0,86.0,112.0,185.0,74.0,183.0,96.0,234.0,162.0,244.0,220.0,87.0,44.0,4.0,3.0,0.0,0.0
Anak Bukit → Sungai Petani,102.0,52.0,33.0,13.0,33.0,814.0,6510.0,5817.0,3814.0,2108.0,2272.0,1609.0,2288.0,1760.0,2532.0,3719.0,4140.0,4133.0,5073.0,2306.0,1194.0,1140.0,410.0,122.0
Anak Bukit → Sungai Siput,9.0,1.0,0.0,0.0,3.0,16.0,20.0,26.0,24.0,9.0,34.0,17.0,28.0,17.0,63.0,36.0,46.0,33.0,3.0,3.0,3.0,4.0,0.0,0.0
Anak Bukit → Taiping,47.0,14.0,3.0,2.0,12.0,207.0,153.0,239.0,174.0,107.0,280.0,149.0,221.0,206.0,263.0,295.0,266.0,333.0,143.0,33.0,76.0,9.0,0.0,1.0
Anak Bukit → Tasek Gelugor,100.0,72.0,18.0,16.0,27.0,1385.0,4307.0,3411.0,1548.0,1100.0,1576.0,736.0,1351.0,695.0,1594.0,1663.0,2375.0,2392.0,3199.0,1870.0,925.0,1014.0,225.0,267.0
Anak Bukit → Unknown,0.0,0.0,0.0,1.0,0.0,5.0,10.0,5.0,6.0,1.0,7.0,2.0,1.0,2.0,3.0,5.0,2.0,8.0,7.0,2.0,2.0,4.0,0.0,0.0
Arau → Alor Setar,379.0,217.0,79.0,42.0,69.0,459.0,3476.0,6416.0,7086.0,3644.0,9998.0,3674.0,7544.0,2969.0,5999.0,5137.0,3464.0,4504.0,3132.0,2718.0,739.0,1053.0,323.0,23.0
Arau → Anak Bukit,116.0,60.0,18.0,23.0,35.0,371.0,1846.0,2573.0,2258.0,746.0,1288.0,877.0,1517.0,874.0,1538.0,1649.0,1698.0,2392.0,1824.0,1813.0,407.0,569.0,176.0,12.0
Arau → Arau,1.0,0.0,0.0,0.0,0.0,0.0,31.0,12.0,5.0,5.0,9.0,10.0,16.0,8.0,18.0,10.0,13.0,4.0,5.0,2.0,6.0,10.0,3.0,0.0
Arau → Bagan Serai,18.0,12.0,6.0,4.0,15.0,77.0,82.0,194.0,100.0,135.0,253.0,123.0,310.0,169.0,270.0,215.0,253.0,302.0,52.0,55.0,22.0,4.0,5.0,0.0
Arau → Bukit Ketri,3.0,0.0,2.0,1.0,1.0,2.0,13.0,49.0,43.0,24.0,18.0,46.0,23.0,54.0,42.0,54.0,132.0,107.0,72.0,47.0,48.0,20.0,14.0,4.0
Arau → Bukit Mertajam,195.0,110.0,62.0,49.0,199.0,1414.0,2302.0,2931.0,2655.0,1827.0,3269.0,1179.0,3281.0,1410.0,3740.0,2823.0,3538.0,3159.0,3482.0,2622.0,1324.0,2256.0,28.0,345.0
Arau → Bukit Tengah,100.0,63.0,37.0,42.0,303.0,2893.0,3605.0,4054.0,1600.0,575.0,1818.0,477.0,1760.0,543.0,1741.0,1426.0,1720.0,1586.0,1736.0,1834.0,1084.0,2518.0,9.0,376.0
Arau → Butterworth,557.0,249.0,139.0,98.0,407.0,3069.0,4160.0,5843.0,5346.0,2910.0,6186.0,2199.0,6511.0,2566.0,6428.0,4487.0,4890.0,4525.0,3902.0,3285.0,1257.0,1979.0,43.0,284.0
Arau → Gurun,68.0,22.0,13.0,12.0,17.0,314.0,1780.0,1916.0,987.0,527.0,1021.0,636.0,1206.0,742.0,1461.0,1448.0,1751.0,2457.0,2204.0,1092.0,451.0,626.0,111.0,14.0
Arau → Ipoh,230.0,140.0,65.0,63.0,182.0,515.0,761.0,1480.0,644.0,795.0,1456.0,1045.0,1677.0,817.0,2060.0,1063.0,1303.0,851.0,302.0,147.0,224.0,259.0,24.0,5.0
Arau → Kamunting,13.0,8.0,4.0,7.0,15.0,61.0,115.0,210.0,89.0,110.0,225.0,80.0,229.0,136.0,281.0,235.0,226.0,308.0,34.0,17.0,30.0,8.0,1.0,0.0
Arau → Kobah,57.0,22.0,9.0,6.0,6.0,197.0,755.0,1472.0,647.0,520.0,704.0,547.0,971.0,607.0,1074.0,1061.0,1213.0,1554.0,1114.0,856.0,432.0,382.0,105.0,5.0
Arau → Kodiang,5.0,0.0,0.0,1.0,2.0,10.0,34.0,50.0,43.0,38.0,44.0,29.0,62.0,51.0,88.0,78.0,54.0,82.0,58.0,69.0,20.0,24.0,5.0,3.0
Arau → Kuala Kangsar,26.0,16.0,9.0,4.0,39.0,75.0,145.0,270.0,110.0,138.0,313.0,164.0,320.0,175.0,331.0,249.0,282.0,269.0,19.0,44.0,64.0,18.0,3.0,1.0
Arau → Nibong Tebal,30.0,15.0,5.0,7.0,23.0,225.0,143.0,366.0,93.0,204.0,309.0,157.0,401.0,172.0,463.0,269.0,373.0,369.0,111.0,102.0,10.0,10.0,1.0,1.0
Arau → Padang Besar,86.0,41.0,17.0,13.0,38.0,71.0,830.0,1387.0,2370.0,2669.0,1037.0,1494.0,1307.0,1579.0,900.0,1033.0,821.0,456.0,329.0,265.0,233.0,107.0,159.0,69.0
Arau → Padang Rengas,12.0,1.0,1.0,3.0,3.0,14.0,23.0,47.0,12.0,16.0,49.0,26.0,32.0,41.0,73.0,63.0,44.0,52.0,1.0,7.0,4.0,0.0,1.0,0.0
Arau → Parit Buntar,31.0,26.0,8.0,5.0,29.0,227.0,212.0,408.0,200.0,321.0,493.0,210.0,513.0,326.0,766.0,449.0,631.0,470.0,130.0,217.0,36.0,9.0,6.0,3.0
Arau → Penalty,0.0,0.0,0.0,0.0,0.0,0.0,58.0,19.0,4.0,0.0,18.0,2.0,5.0,0.0,0.0,1.0,0.0,1.0,0.0,0.0,0.0,1.0,0.0,2.0
Arau → Simpang Ampat,21.0,13.0,15.0,3.0,61.0,72.0,144.0,371.0,125.0,191.0,458.0,158.0,592.0,170.0,619.0,315.0,472.0,522.0,127.0,117.0,25.0,14.0,1.0,4.0
Arau → Sungai Petani,255.0,166.0,67.0,43.0,151.0,1441.0,4646.0,5058.0,3907.0,2157.0,4398.0,2339.0,5172.0,2642.0,5765.0,4830.0,6088.0,6305.0,6532.0,3580.0,1772.0,2426.0,217.0,216.0
Arau → Sungai Siput,13.0,7.0,4.0,2.0,12.0,56.0,59.0,122.0,59.0,46.0,152.0,74.0,138.0,48.0,159.0,108.0,120.0,99.0,20.0,22.0,36.0,21.0,2.0,0.0
Arau → Taiping,71.0,44.0,15.0,10.0,49.0,134.0,206.0,465.0,231.0,254.0,562.0,289.0,523.0,415.0,595.0,514.0,456.0,433.0,89.0,92.0,105.0,15.0,3.0,0.0
Arau → Tasek Gelugor,180.0,100.0,58.0,23.0,135.0,1518.0,2568.0,3634.0,2388.0,1437.0,2903.0,1288.0,3388.0,1494.0,4015.0,3149.0,4112.0,4090.0,3935.0,2684.0,1346.0,1879.0,18.0,305.0
Arau → Unknown,0.0,0.0,0.0,0.0,0.0,2.0,18.0,8.0,3.0,1.0,4.0,2.0,5.0,2.0,3.0,6.0,6.0,9.0,4.0,2.0,0.0,0.0,0.0,0.0
Bagan Serai → Alor Setar,6.0,2.0,5.0,0.0,2.0,61.0,100.0,236.0,47.0,202.0,88.0,158.0,60.0,152.0,62.0,215.0,89.0,166.0,99.0,49.0,17.0,1.0,5.0,3.0
Bagan Serai → Anak Bukit,6.0,1.0,0.0,2.0,3.0,34.0,77.0,96.0,26.0,113.0,51.0,68.0,54.0,72.0,39.0,178.0,57.0,163.0,82.0,50.0,37.0,6.0,0.0,0.0
Bagan Serai → Arau,15.0,6.0,10.0,5.0,13.0,117.0,244.0,173.0,86.0,295.0,119.0,234.0,143.0,225.0,187.0,349.0,136.0,184.0,201.0,42.0,37.0,33.0,1.0,3.0
Bagan Serai → Bagan Serai,1.0,10.0,0.0,0.0,0.0,1.0,1.0,3.0,3.0,2.0,1.0,0.0,1.0,3.0,5.0,5.0,2.0,3.0,2.0,2.0,23.0,0.0,0.0,20.0
Bagan Serai → Bukit Ketri,1.0,0.0,1.0,0.0,0.0,13.0,33.0,21.0,5.0,26.0,19.0,16.0,21.0,34.0,31.0,57.0,26.0,54.0,37.0,9.0,34.0,9.0,1.0,1.0
Bagan Serai → Bukit Mertajam,12.0,8.0,3.0,1.0,8.0,96.0,562.0,2369.0,971.0,438.0,452.0,283.0,291.0,287.0,211.0,317.0,242.0,330.0,466.0,269.0,70.0,6.0,0.0,1.0
Bagan Serai → Bukit Tengah,19.0,7.0,1.0,0.0,7.0,131.0,328.0,389.0,274.0,144.0,109.0,119.0,85.0,107.0,71.0,139.0,108.0,169.0,140.0,93.0,10.0,1.0,0.0,1.0
Bagan Serai → Butterworth,27.0,31.0,14.0,2.0,12.0,196.0,872.0,1505.0,685.0,746.0,527.0,520.0,396.0,542.0,324.0,546.0,297.0,436.0,517.0,448.0,34.0,3.0,5.0,2.0
Bagan Serai → Gurun,0.0,0.0,0.0,0.0,12.0,23.0,62.0,45.0,36.0,61.0,34.0,40.0,20.0,49.0,34.0,92.0,30.0,74.0,39.0,27.0,10.0,1.0,0.0,0.0
Bagan Serai → Ipoh,93.0,41.0,29.0,23.0,101.0,562.0,1208.0,1415.0,535.0,1080.0,166.0,465.0,801.0,244.0,795.0,230.0,784.0,393.0,609.0,399.0,70.0,43.0,12.0,2.0
Bagan Serai → Kamunting,0.0,1.0,0.0,0.0,3.0,1.0,50.0,91.0,29.0,63.0,23.0,25.0,73.0,47.0,79.0,33.0,85.0,78.0,52.0,36.0,8.0,0.0,0.0,0.0
Bagan Serai → Kobah,6.0,0.0,0.0,2.0,5.0,17.0,101.0,114.0,37.0,92.0,47.0,59.0,20.0,63.0,41.0,55.0,50.0,92.0,81.0,15.0,15.0,3.0,17.0,0.0
Bagan Serai → Kodiang,0.0,2.0,0.0,0.0,1.0,28.0,46.0,24.0,6.0,63.0,20.0,37.0,21.0,67.0,48.0,90.0,37.0,103.0,37.0,14.0,6.0,0.0,0.0,2.0
Bagan Serai → Kuala Kangsar,8.0,0.0,3.0,1.0,1.0,15.0,99.0,159.0,129.0,95.0,59.0,43.0,132.0,65.0,138.0,40.0,122.0,106.0,116.0,257.0,17.0,4.0,1.0,1.0
Bagan Serai → Nibong Tebal,1.0,0.0,0.0,2.0,0.0,10.0,92.0,278.0,19.0,73.0,56.0,77.0,61.0,59.0,45.0,69.0,158.0,81.0,99.0,34.0,5.0,0.0,0.0,0.0
Bagan Serai → Padang Besar,36.0,11.0,8.0,5.0,18.0,653.0,716.0,1144.0,881.0,466.0,255.0,106.0,102.0,64.0,48.0,23.0,35.0,47.0,56.0,7.0,18.0,17.0,1.0,2.0
Bagan Serai → Padang Rengas,0.0,0.0,0.0,0.0,2.0,37.0,45.0,29.0,19.0,24.0,8.0,7.0,8.0,11.0,6.0,9.0,27.0,8.0,18.0,17.0,4.0,0.0,0.0,0.0
Bagan Serai → Parit Buntar,10.0,1.0,2.0,1.0,1.0,15.0,95.0,325.0,30.0,89.0,47.0,60.0,58.0,69.0,52.0,65.0,56.0,64.0,82.0,31.0,8.0,1.0,0.0,3.0
Bagan Serai → Penalty,0.0,0.0,0.0,0.0,0.0,0.0,2.0,0.0,0.0,1.0,0.0,0.0,0.0,0.0,1.0,0.0,0.0,0.0,0.0,0.0,0.0,0.0,0.0,1.0
Bagan Serai → Simpang Ampat,9.0,2.0,3.0,2.0,11.0,113.0,255.0,540.0,193.0,131.0,172.0,183.0,124.0,154.0,113.0,141.0,177.0,207.0,347.0,156.0,7.0,1.0,1.0,0.0
Bagan Serai → Sungai Petani,17.0,7.0,7.0,3.0,6.0,131.0,285.0,204.0,111.0,244.0,78.0,213.0,110.0,256.0,128.0,325.0,112.0,322.0,159.0,98.0,24.0,1.0,6.0,0.0
Bagan Serai → Sungai Siput,2.0,1.0,0.0,0.0,1.0,46.0,105.0,164.0,44.0,54.0,15.0,20.0,56.0,23.0,73.0,18.0,46.0,45.0,55.0,36.0,5.0,3.0,0.0,1.0
Bagan Serai → Taiping,37.0,13.0,12.0,3.0,6.0,202.0,528.0,874.0,298.0,550.0,138.0,108.0,547.0,176.0,494.0,156.0,362.0,187.0,243.0,151.0,20.0,1.0,3.0,0.0
Bagan Serai → Tasek Gelugor,4.0,6.0,1.0,0.0,2.0,45.0,98.0,83.0,82.0,137.0,59.0,119.0,51.0,142.0,71.0,184.0,62.0,231.0,87.0,49.0,3.0,4.0,1.0,1.0
Bagan Serai → Unknown,0.0,0.0,0.0,0.0,0.0,2.0,2.0,4.0,0.0,0.0,0.0,2.0,0.0,2.0,5.0,2.0,3.0,2.0,0.0,0.0,0.0,1.0,0.0,0.0
Bukit Ketri → Alor Setar,115.0,44.0,19.0,13.0,10.0,292.0,1036.0,1649.0,1886.0,654.0,2212.0,554.0,1352.0,385.0,1268.0,858.0,541.0,693.0,399.0,309.0,78.0,173.0,41.0,6.0
Bukit Ketri → Anak Bukit,16.0,11.0,9.0,1.0,17.0,119.0,1014.0,567.0,364.0,133.0,247.0,132.0,291.0,134.0,338.0,310.0,298.0,388.0,312.0,371.0,88.0,113.0,22.0,5.0
Bukit Ketri → Arau,4.0,3.0,2.0,2.0,1.0,36.0,43.0,84.0,53.0,16.0,88.0,25.0,110.0,40.0,79.0,71.0,61.0,51.0,63.0,100.0,19.0,37.0,10.0,5.0
Bukit Ketri → Bagan Serai,0.0,1.0,0.0,0.0,3.0,100.0,13.0,57.0,8.0,21.0,37.0,9.0,36.0,12.0,38.0,30.0,42.0,42.0,5.0,11.0,6.0,1.0,1.0,0.0
Bukit Ketri → Bukit Ketri,0.0,0.0,1.0,0.0,0.0,0.0,6.0,3.0,2.0,1.0,3.0,0.0,1.0,0.0,3.0,2.0,0.0,0.0,2.0,0.0,1.0,2.0,0.0,0.0
Bukit Ketri → Bukit Mertajam,29.0,14.0,21.0,35.0,115.0,647.0,615.0,851.0,417.0,260.0,517.0,124.0,547.0,125.0,666.0,344.0,504.0,406.0,609.0,425.0,329.0,734.0,9.0,118.0
Bukit Ketri → Bukit Tengah,14.0,18.0,6.0,6.0,135.0,1890.0,1222.0,1783.0,550.0,181.0,723.0,140.0,663.0,140.0,751.0,441.0,723.0,669.0,1073.0,761.0,327.0,1442.0,1.0,313.0
Bukit Ketri → Butterworth,50.0,25.0,11.0,6.0,83.0,845.0,803.0,1413.0,1117.0,413.0,984.0,253.0,847.0,259.0,950.0,629.0,658.0,705.0,599.0,543.0,196.0,578.0,8.0,102.0
Bukit Ketri → Gurun,6.0,8.0,2.0,2.0,21.0,196.0,501.0,227.0,187.0,71.0,187.0,106.0,212.0,100.0,288.0,187.0,306.0,274.0,242.0,160.0,74.0,143.0,20.0,1.0
Bukit Ketri → Ipoh,12.0,12.0,5.0,1.0,10.0,58.0,81.0,146.0,68.0,85.0,149.0,89.0,138.0,61.0,223.0,104.0,170.0,91.0,35.0,8.0,13.0,43.0,1.0,4.0
Bukit Ketri → Kamunting,0.0,2.0,0.0,0.0,0.0,13.0,18.0,28.0,11.0,15.0,49.0,16.0,50.0,15.0,70.0,50.0,32.0,75.0,6.0,13.0,8.0,0.0,0.0,0.0
Bukit Ketri → Kobah,5.0,4.0,0.0,0.0,3.0,27.0,171.0,223.0,140.0,115.0,156.0,99.0,167.0,87.0,219.0,201.0,196.0,338.0,198.0,117.0,49.0,129.0,43.0,1.0
Bukit Ketri → Kodiang,0.0,2.0,0.0,0.0,0.0,3.0,21.0,26.0,17.0,3.0,32.0,6.0,19.0,45.0,54.0,85.0,31.0,19.0,24.0,36.0,4.0,12.0,5.0,0.0
Bukit Ketri → Kuala Kangsar,4.0,0.0,1.0,1.0,3.0,9.0,22.0,34.0,12.0,11.0,42.0,12.0,24.0,22.0,43.0,33.0,51.0,68.0,4.0,3.0,2.0,0.0,1.0,0.0
Bukit Ketri → Nibong Tebal,0.0,0.0,1.0,0.0,0.0,17.0,15.0,62.0,12.0,24.0,53.0,17.0,71.0,14.0,61.0,18.0,84.0,55.0,12.0,8.0,5.0,7.0,0.0,0.0
Bukit Ketri → Padang Besar,3.0,10.0,10.0,1.0,5.0,27.0,115.0,122.0,275.0,195.0,73.0,119.0,144.0,117.0,133.0,141.0,129.0,56.0,60.0,32.0,24.0,10.0,2.0,1.0
Bukit Ketri → Padang Rengas,0.0,0.0,0.0,0.0,0.0,6.0,11.0,4.0,1.0,5.0,9.0,7.0,9.0,10.0,12.0,5.0,7.0,8.0,0.0,1.0,2.0,0.0,0.0,0.0
Bukit Ketri → Parit Buntar,0.0,0.0,6.0,0.0,20.0,17.0,30.0,51.0,10.0,33.0,49.0,18.0,51.0,20.0,85.0,26.0,71.0,50.0,10.0,28.0,10.0,1.0,4.0,1.0
Bukit Ketri → Penalty,0.0,0.0,0.0,0.0,0.0,0.0,16.0,11.0,1.0,0.0,0.0,0.0,2.0,0.0,0.0,0.0,0.0,0.0,0.0,0.0,0.0,1.0,0.0,0.0
Bukit Ketri → Simpang Ampat,3.0,1.0,1.0,1.0,2.0,25.0,31.0,255.0,22.0,28.0,129.0,26.0,99.0,26.0,159.0,45.0,105.0,114.0,19.0,27.0,1.0,2.0,2.0,0.0
Bukit Ketri → Sungai Petani,30.0,11.0,12.0,6.0,15.0,588.0,1283.0,1471.0,786.0,341.0,688.0,302.0,714.0,306.0,983.0,646.0,884.0,766.0,1017.0,587.0,277.0,546.0,57.0,40.0
Bukit Ketri → Sungai Siput,0.0,0.0,0.0,4.0,0.0,22.0,7.0,18.0,8.0,13.0,31.0,9.0,31.0,7.0,27.0,31.0,42.0,23.0,1.0,0.0,2.0,2.0,2.0,1.0
Bukit Ketri → Taiping,5.0,2.0,4.0,2.0,1.0,24.0,31.0,63.0,35.0,29.0,90.0,22.0,70.0,29.0,105.0,69.0,48.0,66.0,7.0,21.0,14.0,4.0,0.0,1.0
Bukit Ketri → Tasek Gelugor,20.0,13.0,4.0,4.0,69.0,309.0,480.0,526.0,365.0,144.0,456.0,124.0,532.0,183.0,628.0,402.0,613.0,595.0,714.0,486.0,225.0,622.0,3.0,68.0
Bukit Ketri → Unknown,0.0,0.0,0.0,0.0,0.0,0.0,0.0,2.0,1.0,1.0,0.0,1.0,2.0,0.0,0.0,1.0,1.0,2.0,3.0,1.0,0.0,0.0,0.0,0.0
Bukit Mertajam → Alor Setar,194.0,82.0,37.0,36.0,125.0,939.0,3492.0,3344.0,3413.0,1592.0,2832.0,1610.0,2561.0,1567.0,2929.0,3091.0,3877.0,4134.0,4217.0,3058.0,1767.0,2138.0,696.0,82.0
Bukit Mertajam → Anak Bukit,79.0,40.0,25.0,14.0,124.0,458.0,1861.0,1810.0,1674.0,645.0,1188.0,670.0,1162.0,731.0,1625.0,1345.0,1972.0,2368.0,2657.0,1882.0,1155.0,1301.0,431.0,154.0
Bukit Mertajam → Arau,239.0,120.0,61.0,57.0,415.0,1204.0,2831.0,2626.0,2721.0,1454.0,2815.0,1217.0,2645.0,1260.0,3351.0,2391.0,3379.0,2779.0,3102.0,2381.0,1298.0,2012.0,46.0,484.0
Bukit Mertajam → Bagan Serai,7.0,6.0,3.0,1.0,4.0,58.0,214.0,381.0,201.0,305.0,102.0,173.0,283.0,227.0,303.0,380.0,679.0,931.0,1013.0,371.0,50.0,8.0,1.0,1.0
Bukit Mertajam → Bukit Ketri,20.0,9.0,4.0,8.0,31.0,126.0,398.0,425.0,377.0,197.0,333.0,112.0,323.0,153.0,448.0,334.0,484.0,471.0,695.0,694.0,279.0,599.0,5.0,100.0
Bukit Mertajam → Bukit Mertajam,4.0,3.0,2.0,2.0,0.0,2.0,62.0,24.0,16.0,12.0,16.0,14.0,17.0,16.0,16.0,20.0,16.0,15.0,16.0,13.0,19.0,13.0,1.0,10.0
Bukit Mertajam → Bukit Tengah,1.0,0.0,0.0,0.0,3.0,6.0,54.0,116.0,24.0,15.0,17.0,18.0,35.0,15.0,23.0,25.0,31.0,30.0,54.0,42.0,44.0,31.0,10.0,5.0
Bukit Mertajam → Butterworth,101.0,37.0,10.0,6.0,21.0,155.0,1746.0,3521.0,1755.0,1336.0,1250.0,805.0,1064.0,690.0,1030.0,724.0,1378.0,1027.0,1027.0,753.0,607.0,284.0,81.0,96.0
Bukit Mertajam → Gurun,55.0,26.0,15.0,7.0,34.0,95.0,820.0,1385.0,975.0,402.0,480.0,370.0,532.0,478.0,757.0,1019.0,1168.0,1687.0,1933.0,1236.0,494.0,419.0,316.0,8.0
Bukit Mertajam → Ipoh,378.0,154.0,71.0,56.0,284.0,1807.0,2115.0,1986.0,2507.0,1570.0,883.0,2075.0,1302.0,1543.0,1541.0,1669.0,1810.0,1690.0,1591.0,791.0,236.0,302.0,45.0,2.0
Bukit Mertajam → Kamunting,25.0,13.0,8.0,6.0,10.0,132.0,599.0,369.0,487.0,272.0,184.0,253.0,228.0,345.0,273.0,348.0,354.0,804.0,838.0,206.0,100.0,5.0,1.0,1.0
Bukit Mertajam → Kobah,49.0,18.0,16.0,11.0,52.0,186.0,942.0,952.0,910.0,400.0,537.0,369.0,558.0,434.0,789.0,1027.0,1336.0,1513.0,2042.0,1829.0,918.0,789.0,356.0,16.0
Bukit Mertajam → Kodiang,34.0,14.0,11.0,9.0,38.0,184.0,480.0,461.0,417.0,243.0,597.0,232.0,512.0,212.0,745.0,692.0,852.0,728.0,701.0,798.0,388.0,593.0,2.0,82.0
Bukit Mertajam → Kuala Kangsar,33.0,21.0,8.0,9.0,30.0,321.0,458.0,220.0,333.0,240.0,237.0,320.0,313.0,412.0,269.0,398.0,355.0,563.0,397.0,338.0,269.0,41.0,1.0,2.0
Bukit Mertajam → Nibong Tebal,34.0,18.0,10.0,1.0,7.0,164.0,704.0,654.0,198.0,314.0,104.0,216.0,393.0,285.0,411.0,466.0,1073.0,1413.0,1342.0,271.0,24.0,6.0,5.0,9.0
Bukit Mertajam → Padang Besar,920.0,274.0,195.0,244.0,2178.0,6398.0,7796.0,8301.0,7385.0,2953.0,4776.0,1476.0,2620.0,819.0,1872.0,804.0,825.0,545.0,413.0,359.0,223.0,239.0,24.0,57.0
Bukit Mertajam → Padang Rengas,7.0,1.0,0.0,4.0,18.0,57.0,267.0,152.0,108.0,116.0,66.0,82.0,65.0,82.0,103.0,118.0,101.0,217.0,165.0,160.0,154.0,14.0,0.0,0.0
Bukit Mertajam → Parit Buntar,22.0,11.0,5.0,3.0,21.0,42.0,662.0,657.0,404.0,472.0,143.0,361.0,661.0,371.0,451.0,454.0,826.0,762.0,1584.0,586.0,49.0,8.0,3.0,8.0
Bukit Mertajam → Penalty,0.0,0.0,0.0,0.0,0.0,0.0,54.0,24.0,0.0,2.0,11.0,4.0,7.0,0.0,0.0,0.0,0.0,0.0,0.0,0.0,0.0,0.0,0.0,0.0
Bukit Mertajam → Simpang Ampat,7.0,3.0,5.0,2.0,2.0,11.0,162.0,142.0,100.0,147.0,64.0,134.0,277.0,171.0,379.0,201.0,518.0,799.0,895.0,216.0,27.0,3.0,8.0,2.0
Bukit Mertajam → Sungai Petani,157.0,49.0,30.0,34.0,59.0,394.0,1949.0,3009.0,2729.0,1396.0,1789.0,1362.0,2123.0,1784.0,2451.0,3024.0,3510.0,6757.0,6276.0,2958.0,1362.0,1354.0,598.0,15.0
Bukit Mertajam → Sungai Siput,23.0,10.0,2.0,2.0,26.0,177.0,177.0,105.0,184.0,106.0,93.0,162.0,111.0,161.0,179.0,203.0,233.0,303.0,224.0,171.0,86.0,19.0,1.0,0.0
Bukit Mertajam → Taiping,83.0,30.0,19.0,11.0,57.0,491.0,1279.0,813.0,1183.0,801.0,654.0,915.0,721.0,952.0,715.0,888.0,900.0,1566.0,1445.0,499.0,195.0,15.0,8.0,3.0
Bukit Mertajam → Tasek Gelugor,38.0,6.0,6.0,4.0,17.0,39.0,313.0,785.0,1140.0,292.0,265.0,187.0,409.0,291.0,494.0,636.0,937.0,1509.0,1028.0,649.0,255.0,271.0,74.0,4.0
Bukit Mertajam → Unknown,0.0,0.0,0.0,0.0,1.0,13.0,16.0,21.0,7.0,2.0,15.0,2.0,12.0,6.0,11.0,5.0,16.0,10.0,15.0,8.0,3.0,0.0,3.0,2.0
Bukit Tengah → Alor Setar,61.0,36.0,34.0,33.0,144.0,398.0,2528.0,2479.0,2490.0,910.0,1448.0,926.0,1487.0,948.0,1779.0,1785.0,2699.0,3213.0,3991.0,3456.0,1850.0,1794.0,1085.0,109.0
Bukit Tengah → Anak Bukit,50.0,27.0,34.0,29.0,115.0,360.0,3018.0,2543.0,1896.0,674.0,1018.0,550.0,1032.0,618.0,1241.0,1201.0,1978.0,2409.0,4154.0,2996.0,2080.0,1538.0,607.0,187.0
Bukit Tengah → Arau,88.0,77.0,42.0,49.0,217.0,624.0,2181.0,2267.0,1953.0,1042.0,1775.0,680.0,1624.0,779.0,2026.0,1444.0,2395.0,2435.0,2864.0,2941.0,2006.0,2170.0,12.0,531.0
Bukit Tengah → Bagan Serai,7.0,2.0,0.0,0.0,2.0,81.0,140.0,94.0,109.0,86.0,47.0,139.0,101.0,192.0,106.0,197.0,179.0,250.0,434.0,283.0,30.0,4.0,0.0,2.0
Bukit Tengah → Bukit Ketri,18.0,9.0,10.0,18.0,76.0,154.0,913.0,1182.0,819.0,452.0,550.0,172.0,496.0,201.0,674.0,483.0,853.0,761.0,1337.0,1106.0,726.0,1013.0,7.0,181.0
Bukit Tengah → Bukit Mertajam,3.0,1.0,0.0,1.0,4.0,4.0,28.0,30.0,41.0,32.0,31.0,15.0,53.0,15.0,46.0,36.0,132.0,177.0,42.0,39.0,31.0,37.0,4.0,17.0
Bukit Tengah → Bukit Tengah,2.0,2.0,2.0,1.0,1.0,0.0,11.0,12.0,7.0,6.0,11.0,2.0,5.0,1.0,7.0,7.0,3.0,7.0,10.0,9.0,10.0,12.0,3.0,1.0
Bukit Tengah → Butterworth,23.0,7.0,5.0,0.0,4.0,5.0,128.0,266.0,151.0,142.0,181.0,117.0,236.0,108.0,187.0,107.0,174.0,187.0,174.0,100.0,97.0,33.0,6.0,10.0
Bukit Tengah → Gurun,13.0,22.0,7.0,8.0,16.0,62.0,826.0,701.0,499.0,286.0,389.0,257.0,421.0,313.0,560.0,675.0,1028.0,1290.0,1341.0,933.0,645.0,487.0,159.0,10.0
Bukit Tengah → Ipoh,92.0,42.0,22.0,14.0,64.0,575.0,733.0,466.0,756.0,389.0,231.0,789.0,459.0,645.0,572.0,667.0,616.0,701.0,849.0,364.0,186.0,142.0,6.0,6.0
Bukit Tengah → Kamunting,9.0,5.0,4.0,4.0,4.0,58.0,396.0,134.0,250.0,106.0,85.0,172.0,156.0,287.0,116.0,320.0,195.0,763.0,807.0,200.0,87.0,2.0,1.0,0.0
Bukit Tengah → Kobah,129.0,32.0,12.0,22.0,60.0,124.0,1069.0,1396.0,1009.0,564.0,686.0,378.0,625.0,478.0,752.0,873.0,1214.0,1721.0,2611.0,2725.0,1124.0,1092.0,584.0,25.0
Bukit Tengah → Kodiang,16.0,14.0,8.0,11.0,136.0,242.0,698.0,948.0,708.0,323.0,679.0,148.0,551.0,237.0,733.0,475.0,919.0,1017.0,1005.0,921.0,528.0,1094.0,6.0,126.0
Bukit Tengah → Kuala Kangsar,7.0,8.0,2.0,1.0,5.0,101.0,158.0,160.0,144.0,79.0,72.0,150.0,101.0,156.0,109.0,200.0,142.0,357.0,170.0,476.0,42.0,10.0,0.0,0.0
Bukit Tengah → Nibong Tebal,12.0,4.0,0.0,0.0,2.0,15.0,263.0,300.0,131.0,47.0,36.0,178.0,132.0,230.0,124.0,229.0,191.0,277.0,438.0,173.0,11.0,2.0,0.0,1.0
Bukit Tengah → Padang Besar,122.0,68.0,28.0,62.0,250.0,862.0,1501.0,1808.0,1772.0,671.0,1125.0,303.0,724.0,217.0,487.0,245.0,279.0,240.0,157.0,197.0,187.0,211.0,11.0,44.0
Bukit Tengah → Padang Rengas,1.0,0.0,0.0,2.0,5.0,10.0,39.0,19.0,92.0,19.0,21.0,52.0,27.0,60.0,23.0,61.0,38.0,91.0,76.0,82.0,10.0,0.0,0.0,0.0
Bukit Tengah → Parit Buntar,8.0,9.0,3.0,3.0,5.0,17.0,132.0,97.0,128.0,110.0,67.0,171.0,234.0,222.0,226.0,241.0,301.0,297.0,569.0,221.0,42.0,5.0,1.0,6.0
Bukit Tengah → Penalty,0.0,0.0,0.0,0.0,0.0,0.0,37.0,18.0,0.0,2.0,7.0,2.0,5.0,0.0,0.0,1.0,0.0,0.0,0.0,0.0,0.0,0.0,0.0,0.0
Bukit Tengah → Simpang Ampat,0.0,0.0,0.0,0.0,0.0,2.0,53.0,161.0,40.0,23.0,14.0,62.0,49.0,70.0,55.0,53.0,89.0,111.0,316.0,70.0,2.0,2.0,1.0,0.0
Bukit Tengah → Sungai Petani,21.0,17.0,11.0,10.0,42.0,165.0,922.0,1228.0,1063.0,563.0,774.0,549.0,902.0,644.0,1301.0,1259.0,1281.0,2108.0,2583.0,1683.0,668.0,656.0,250.0,9.0
Bukit Tengah → Sungai Siput,2.0,0.0,5.0,3.0,4.0,15.0,41.0,65.0,58.0,34.0,39.0,88.0,34.0,123.0,82.0,132.0,77.0,148.0,129.0,84.0,58.0,12.0,0.0,0.0
Bukit Tengah → Taiping,19.0,16.0,6.0,11.0,13.0,98.0,653.0,252.0,588.0,224.0,205.0,419.0,187.0,476.0,190.0,434.0,331.0,927.0,883.0,436.0,168.0,8.0,2.0,2.0
Bukit Tengah → Tasek Gelugor,6.0,3.0,1.0,1.0,6.0,8.0,161.0,219.0,409.0,120.0,114.0,83.0,159.0,125.0,271.0,209.0,204.0,348.0,504.0,428.0,77.0,128.0,24.0,3.0
Bukit Tengah → Unknown,0.0,0.0,0.0,0.0,1.0,5.0,11.0,7.0,4.0,1.0,2.0,4.0,6.0,2.0,1.0,5.0,3.0,2.0,5.0,1.0,0.0,1.0,0.0,0.0
Butterworth → Alor Setar,258.0,120.0,61.0,56.0,375.0,734.0,3116.0,4183.0,4181.0,4116.0,4167.0,4603.0,4213.0,4570.0,5561.0,5882.0,6961.0,6442.0,6773.0,5101.0,4705.0,2232.0,1206.0,146.0
Butterworth → Anak Bukit,85.0,57.0,35.0,25.0,179.0,427.0,2031.0,1995.0,1382.0,1206.0,1322.0,1272.0,1431.0,1568.0,2202.0,2210.0,3034.0,3028.0,3351.0,2861.0,2251.0,1193.0,386.0,159.0
Butterworth → Arau,411.0,166.0,112.0,142.0,614.0,1233.0,3400.0,3717.0,3174.0,3379.0,3856.0,3257.0,4213.0,3420.0,5645.0,4224.0,5803.0,4642.0,5325.0,3429.0,3237.0,2071.0,57.0,639.0
Butterworth → Bagan Serai,15.0,15.0,12.0,6.0,31.0,186.0,422.0,552.0,455.0,210.0,190.0,368.0,279.0,473.0,328.0,656.0,490.0,854.0,1293.0,337.0,81.0,4.0,6.0,2.0
Butterworth → Bukit Ketri,15.0,14.0,10.0,11.0,97.0,136.0,562.0,569.0,456.0,400.0,460.0,286.0,453.0,339.0,670.0,582.0,821.0,727.0,953.0,955.0,605.0,466.0,3.0,186.0
Butterworth → Bukit Mertajam,27.0,24.0,9.0,17.0,138.0,379.0,922.0,1179.0,631.0,766.0,590.0,565.0,812.0,726.0,1427.0,1422.0,1919.0,2927.0,2882.0,1769.0,639.0,757.0,49.0,24.0
Butterworth → Bukit Tengah,10.0,3.0,4.0,4.0,38.0,101.0,160.0,117.0,89.0,76.0,73.0,69.0,109.0,103.0,190.0,202.0,228.0,447.0,523.0,235.0,123.0,120.0,7.0,13.0
Butterworth → Butterworth,2.0,1.0,1.0,0.0,2.0,1.0,30.0,17.0,6.0,7.0,18.0,19.0,18.0,14.0,20.0,10.0,10.0,13.0,9.0,10.0,16.0,16.0,0.0,8.0
Butterworth → Gurun,36.0,24.0,16.0,14.0,137.0,282.0,845.0,1102.0,799.0,755.0,710.0,800.0,779.0,950.0,1149.0,1437.0,1616.0,2204.0,2219.0,1408.0,1338.0,615.0,340.0,15.0
Butterworth → Ipoh,758.0,270.0,154.0,94.0,489.0,1329.0,2614.0,2556.0,5102.0,1961.0,2762.0,5219.0,2749.0,4230.0,2728.0,4116.0,3127.0,3699.0,3451.0,900.0,621.0,436.0,51.0,36.0
Butterworth → Kamunting,27.0,21.0,12.0,15.0,49.0,150.0,783.0,257.0,642.0,187.0,281.0,586.0,319.0,748.0,337.0,928.0,516.0,1066.0,1129.0,296.0,117.0,9.0,2.0,8.0
Butterworth → Kobah,30.0,32.0,11.0,17.0,151.0,232.0,1077.0,1142.0,834.0,808.0,815.0,901.0,746.0,925.0,1087.0,1279.0,1492.0,1762.0,2423.0,1862.0,1468.0,587.0,504.0,20.0
Butterworth → Kodiang,28.0,25.0,15.0,14.0,74.0,153.0,602.0,717.0,516.0,539.0,584.0,361.0,584.0,560.0,926.0,657.0,1093.0,947.0,1055.0,830.0,705.0,462.0,10.0,128.0
Butterworth → Kuala Kangsar,50.0,32.0,21.0,15.0,76.0,151.0,739.0,478.0,565.0,199.0,378.0,554.0,346.0,699.0,306.0,768.0,449.0,869.0,604.0,523.0,86.0,18.0,9.0,14.0
Butterworth → Nibong Tebal,12.0,18.0,10.0,6.0,90.0,246.0,707.0,604.0,374.0,206.0,170.0,359.0,347.0,499.0,417.0,862.0,928.0,1320.0,2060.0,367.0,47.0,8.0,2.0,10.0
Butterworth → Padang Besar,1217.0,381.0,210.0,358.0,3849.0,5852.0,8528.0,13301.0,9021.0,7172.0,7726.0,7974.0,8808.0,6459.0,7450.0,3283.0,3094.0,1794.0,1318.0,675.0,491.0,401.0,28.0,125.0
Butterworth → Padang Rengas,3.0,2.0,1.0,9.0,26.0,78.0,105.0,92.0,186.0,44.0,80.0,159.0,84.0,169.0,84.0,182.0,114.0,201.0,148.0,69.0,26.0,3.0,0.0,6.0
Butterworth → Parit Buntar,18.0,17.0,19.0,19.0,74.0,211.0,375.0,447.0,485.0,223.0,258.0,480.0,447.0,548.0,497.0,757.0,878.0,1347.0,2138.0,718.0,95.0,13.0,9.0,19.0
Butterworth → Penalty,0.0,0.0,0.0,0.0,0.0,0.0,59.0,20.0,4.0,0.0,20.0,5.0,2.0,0.0,0.0,0.0,0.0,0.0,1.0,0.0,0.0,3.0,0.0,2.0
Butterworth → Simpang Ampat,26.0,17.0,12.0,14.0,134.0,354.0,656.0,321.0,369.0,317.0,184.0,464.0,478.0,741.0,517.0,792.0,960.0,1475.0,3319.0,433.0,54.0,23.0,0.0,18.0
Butterworth → Sungai Petani,112.0,59.0,54.0,31.0,145.0,411.0,1750.0,2199.0,1958.0,1980.0,2060.0,2348.0,2499.0,3017.0,3682.0,4482.0,5267.0,6712.0,7002.0,4817.0,3277.0,2126.0,862.0,34.0
Butterworth → Sungai Siput,20.0,19.0,4.0,4.0,36.0,108.0,226.0,210.0,328.0,158.0,244.0,358.0,179.0,435.0,226.0,513.0,295.0,462.0,404.0,158.0,122.0,35.0,6.0,6.0
Butterworth → Taiping,160.0,73.0,46.0,50.0,243.0,740.0,1817.0,981.0,2234.0,779.0,1567.0,2414.0,1180.0,2672.0,1246.0,2645.0,1614.0,3263.0,3016.0,750.0,361.0,34.0,18.0,11.0
Butterworth → Tasek Gelugor,139.0,17.0,19.0,25.0,266.0,588.0,1194.0,942.0,572.0,628.0,410.0,553.0,599.0,837.0,1220.0,1475.0,1873.0,3448.0,3396.0,1957.0,1054.0,572.0,255.0,28.0
Butterworth → Unknown,0.0,0.0,0.0,0.0,2.0,9.0,22.0,19.0,11.0,7.0,9.0,14.0,8.0,9.0,18.0,13.0,23.0,18.0,16.0,11.0,4.0,4.0,0.0,1.0
Gurun → Alor Setar,57.0,41.0,11.0,5.0,12.0,280.0,1574.0,3586.0,2733.0,1597.0,1320.0,1782.0,863.0,1341.0,852.0,1805.0,1184.0,1258.0,906.0,660.0,375.0,254.0,224.0,8.0
Gurun → Anak Bukit,30.0,12.0,5.0,1.0,8.0,409.0,1346.0,3248.0,1281.0,381.0,310.0,402.0,283.0,364.0,374.0,714.0,660.0,788.0,869.0,519.0,361.0,157.0,91.0,15.0
Gurun → Arau,53.0,25.0,14.0,10.0,20.0,1266.0,2138.0,1658.0,1668.0,708.0,777.0,680.0,803.0,593.0,867.0,1436.0,1510.0,1333.0,1349.0,1284.0,733.0,418.0,213.0,58.0
Gurun → Bagan Serai,4.0,0.0,1.0,2.0,1.0,15.0,33.0,42.0,56.0,35.0,24.0,51.0,33.0,86.0,43.0,86.0,74.0,72.0,28.0,22.0,10.0,2.0,2.0,1.0
Gurun → Bukit Ketri,8.0,5.0,1.0,3.0,7.0,61.0,168.0,269.0,178.0,122.0,105.0,120.0,94.0,101.0,165.0,185.0,259.0,243.0,197.0,227.0,147.0,118.0,75.0,15.0
Gurun → Bukit Mertajam,88.0,53.0,20.0,29.0,38.0,216.0,1666.0,3275.0,1858.0,1047.0,614.0,746.0,469.0,557.0,467.0,795.0,773.0,987.0,1001.0,731.0,601.0,278.0,221.0,94.0
Gurun → Bukit Tengah,27.0,20.0,13.0,6.0,44.0,271.0,2864.0,2068.0,1014.0,496.0,263.0,367.0,252.0,369.0,254.0,495.0,439.0,591.0,546.0,631.0,514.0,174.0,247.0,58.0
Gurun → Butterworth,72.0,37.0,19.0,19.0,22.0,405.0,2735.0,2475.0,1962.0,1727.0,916.0,1278.0,827.0,1041.0,795.0,1422.0,1244.0,1241.0,861.0,797.0,623.0,250.0,204.0,50.0
Gurun → Gurun,0.0,1.0,1.0,0.0,0.0,0.0,14.0,11.0,6.0,0.0,2.0,1.0,2.0,2.0,3.0,6.0,5.0,2.0,10.0,7.0,1.0,3.0,4.0,0.0
Gurun → Ipoh,30.0,15.0,6.0,1.0,10.0,66.0,257.0,287.0,312.0,166.0,185.0,258.0,180.0,273.0,224.0,367.0,264.0,227.0,151.0,44.0,44.0,51.0,6.0,0.0
Gurun → Kamunting,1.0,0.0,2.0,2.0,2.0,3.0,34.0,28.0,54.0,21.0,32.0,55.0,29.0,54.0,23.0,99.0,61.0,59.0,56.0,12.0,11.0,2.0,4.0,0.0
Gurun → Kobah,0.0,1.0,1.0,0.0,1.0,6.0,101.0,122.0,94.0,63.0,42.0,132.0,85.0,180.0,85.0,213.0,122.0,129.0,104.0,98.0,56.0,35.0,34.0,1.0
Gurun → Kodiang,5.0,3.0,3.0,0.0,4.0,21.0,166.0,177.0,214.0,136.0,117.0,131.0,155.0,125.0,168.0,346.0,298.0,391.0,473.0,288.0,185.0,102.0,38.0,14.0
Gurun → Kuala Kangsar,6.0,5.0,4.0,4.0,3.0,31.0,71.0,66.0,77.0,40.0,48.0,92.0,51.0,99.0,53.0,143.0,82.0,132.0,43.0,36.0,19.0,0.0,2.0,0.0
Gurun → Nibong Tebal,1.0,1.0,0.0,0.0,1.0,39.0,60.0,92.0,126.0,44.0,29.0,89.0,59.0,82.0,81.0,146.0,142.0,96.0,147.0,57.0,21.0,1.0,0.0,0.0
Gurun → Padang Besar,95.0,11.0,15.0,8.0,21.0,706.0,1372.0,2133.0,3378.0,2692.0,1836.0,1734.0,1080.0,971.0,648.0,666.0,399.0,205.0,177.0,145.0,116.0,100.0,39.0,43.0
Gurun → Padang Rengas,0.0,0.0,0.0,0.0,0.0,0.0,42.0,10.0,21.0,1.0,15.0,8.0,11.0,13.0,4.0,15.0,14.0,15.0,3.0,4.0,4.0,0.0,0.0,0.0
Gurun → Parit Buntar,7.0,2.0,4.0,4.0,27.0,47.0,200.0,119.0,102.0,50.0,43.0,73.0,48.0,74.0,72.0,139.0,93.0,116.0,113.0,112.0,13.0,2.0,2.0,1.0
Gurun → Penalty,0.0,0.0,0.0,0.0,0.0,0.0,17.0,4.0,1.0,0.0,0.0,2.0,1.0,0.0,0.0,0.0,0.0,0.0,0.0,0.0,0.0,1.0,0.0,1.0
Gurun → Simpang Ampat,2.0,0.0,1.0,1.0,2.0,25.0,61.0,190.0,82.0,53.0,35.0,71.0,56.0,61.0,69.0,115.0,114.0,90.0,119.0,20.0,6.0,2.0,2.0,0.0
Gurun → Sungai Petani,42.0,36.0,13.0,4.0,9.0,114.0,1375.0,2263.0,1798.0,1989.0,648.0,1320.0,463.0,1005.0,563.0,1169.0,1012.0,893.0,856.0,514.0,532.0,137.0,314.0,70.0
Gurun → Sungai Siput,0.0,4.0,0.0,0.0,0.0,6.0,18.0,18.0,26.0,4.0,19.0,23.0,11.0,19.0,34.0,67.0,16.0,33.0,23.0,6.0,8.0,5.0,3.0,1.0
Gurun → Taiping,8.0,2.0,1.0,4.0,5.0,34.0,112.0,91.0,147.0,66.0,68.0,114.0,45.0,148.0,66.0,224.0,145.0,164.0,134.0,29.0,17.0,7.0,0.0,0.0
Gurun → Tasek Gelugor,23.0,12.0,3.0,5.0,3.0,176.0,826.0,1313.0,462.0,310.0,233.0,283.0,172.0,322.0,282.0,589.0,678.0,770.0,553.0,318.0,289.0,133.0,117.0,73.0
Gurun → Unknown,0.0,0.0,0.0,0.0,0.0,0.0,10.0,12.0,4.0,4.0,1.0,4.0,1.0,1.0,1.0,4.0,3.0,4.0,5.0,2.0,0.0,0.0,2.0,0.0
Ipoh → Alor Setar,169.0,68.0,40.0,65.0,275.0,353.0,398.0,530.0,875.0,449.0,766.0,560.0,819.0,530.0,864.0,439.0,913.0,732.0,212.0,62.0,151.0,32.0,52.0,4.0
Ipoh → Anak Bukit,44.0,32.0,26.0,51.0,146.0,117.0,252.0,385.0,491.0,237.0,475.0,348.0,541.0,410.0,654.0,272.0,677.0,461.0,168.0,27.0,113.0,22.0,29.0,13.0
Ipoh → Arau,225.0,107.0,74.0,122.0,479.0,534.0,667.0,860.0,1400.0,897.0,1458.0,973.0,1490.0,707.0,1559.0,547.0,1337.0,796.0,473.0,25.0,182.0,175.0,14.0,37.0
Ipoh → Bagan Serai,73.0,41.0,17.0,16.0,60.0,376.0,464.0,524.0,614.0,288.0,562.0,386.0,752.0,352.0,979.0,395.0,1189.0,1010.0,760.0,547.0,56.0,13.0,10.0,1.0
Ipoh → Bukit Ketri,18.0,11.0,7.0,4.0,43.0,19.0,59.0,64.0,96.0,51.0,101.0,54.0,126.0,81.0,141.0,60.0,118.0,84.0,43.0,5.0,36.0,32.0,0.0,6.0
Ipoh → Bukit Mertajam,326.0,149.0,68.0,83.0,446.0,1081.0,1150.0,1261.0,2073.0,924.0,1982.0,1169.0,2003.0,1168.0,2531.0,1013.0,2925.0,2278.0,1778.0,507.0,440.0,45.0,36.0,2.0
Ipoh → Bukit Tengah,86.0,30.0,25.0,49.0,180.0,412.0,805.0,574.0,603.0,234.0,536.0,313.0,584.0,325.0,696.0,346.0,857.0,731.0,424.0,156.0,120.0,19.0,4.0,8.0
Ipoh → Butterworth,1157.0,460.0,173.0,227.0,1181.0,2296.0,2061.0,2377.0,5138.0,2298.0,4745.0,2867.0,4382.0,2126.0,4093.0,1985.0,3705.0,3341.0,1862.0,774.0,457.0,60.0,57.0,28.0
Ipoh → Gurun,39.0,23.0,15.0,17.0,80.0,84.0,143.0,174.0,265.0,162.0,232.0,215.0,326.0,212.0,414.0,212.0,395.0,320.0,81.0,39.0,47.0,10.0,26.0,5.0
Ipoh → Ipoh,0.0,0.0,1.0,0.0,0.0,0.0,1.0,3.0,1.0,0.0,0.0,5.0,0.0,0.0,4.0,0.0,1.0,0.0,2.0,2.0,4.0,1.0,0.0,0.0
Ipoh → Kamunting,79.0,29.0,8.0,24.0,222.0,724.0,555.0,644.0,713.0,453.0,742.0,528.0,848.0,735.0,1174.0,745.0,1281.0,1728.0,1674.0,426.0,32.0,9.0,8.0,2.0
Ipoh → Kobah,38.0,22.0,17.0,9.0,94.0,107.0,129.0,164.0,296.0,101.0,219.0,220.0,245.0,178.0,288.0,158.0,298.0,270.0,96.0,33.0,75.0,4.0,26.0,4.0
Ipoh → Kodiang,11.0,4.0,11.0,10.0,27.0,35.0,58.0,106.0,125.0,60.0,116.0,84.0,165.0,77.0,175.0,70.0,151.0,129.0,60.0,1.0,27.0,17.0,3.0,11.0
Ipoh → Kuala Kangsar,109.0,64.0,31.0,43.0,108.0,611.0,1001.0,677.0,1285.0,893.0,1059.0,734.0,1209.0,861.0,1261.0,999.0,1828.0,3305.0,2188.0,408.0,24.0,20.0,25.0,5.0
Ipoh → Nibong Tebal,87.0,30.0,10.0,23.0,184.0,339.0,398.0,745.0,493.0,289.0,576.0,305.0,615.0,303.0,824.0,325.0,1042.0,705.0,602.0,125.0,147.0,9.0,7.0,0.0
Ipoh → Padang Besar,354.0,103.0,85.0,241.0,2713.0,1735.0,570.0,441.0,1226.0,550.0,452.0,210.0,408.0,130.0,228.0,78.0,179.0,132.0,49.0,21.0,31.0,42.0,8.0,14.0
Ipoh → Padang Rengas,8.0,9.0,6.0,2.0,15.0,131.0,160.0,165.0,147.0,74.0,149.0,139.0,200.0,154.0,249.0,135.0,380.0,317.0,355.0,81.0,3.0,0.0,3.0,0.0
Ipoh → Parit Buntar,107.0,49.0,29.0,39.0,134.0,551.0,638.0,940.0,884.0,481.0,981.0,522.0,1009.0,553.0,1102.0,473.0,1433.0,1049.0,904.0,393.0,212.0,9.0,21.0,3.0
Ipoh → Penalty,0.0,0.0,0.0,0.0,0.0,0.0,26.0,7.0,0.0,0.0,7.0,4.0,2.0,0.0,0.0,1.0,1.0,0.0,0.0,0.0,0.0,0.0,0.0,0.0
Ipoh → Simpang Ampat,113.0,54.0,36.0,68.0,437.0,500.0,643.0,477.0,936.0,328.0,815.0,452.0,894.0,471.0,1133.0,515.0,1489.0,1207.0,915.0,243.0,227.0,13.0,6.0,4.0
Ipoh → Sungai Petani,146.0,109.0,42.0,100.0,363.0,540.0,522.0,908.0,1213.0,679.0,1261.0,1065.0,1489.0,1011.0,1747.0,931.0,1642.0,1531.0,315.0,242.0,211.0,12.0,90.0,4.0
Ipoh → Sungai Siput,50.0,15.0,5.0,4.0,66.0,91.0,279.0,149.0,250.0,518.0,309.0,334.0,501.0,351.0,653.0,448.0,776.0,2031.0,1893.0,73.0,14.0,7.0,4.0,0.0
Ipoh → Taiping,393.0,150.0,98.0,83.0,293.0,2696.0,3111.0,3963.0,3478.0,2085.0,3205.0,2319.0,3456.0,2594.0,3606.0,2354.0,4126.0,5792.0,3671.0,973.0,101.0,62.0,32.0,14.0
Ipoh → Tasek Gelugor,62.0,25.0,18.0,38.0,133.0,168.0,242.0,253.0,456.0,265.0,450.0,345.0,487.0,385.0,648.0,354.0,676.0,593.0,154.0,117.0,74.0,10.0,21.0,1.0
Ipoh → Unknown,0.0,0.0,0.0,0.0,1.0,1.0,5.0,3.0,4.0,4.0,2.0,0.0,2.0,3.0,4.0,7.0,4.0,3.0,2.0,0.0,0.0,1.0,0.0,0.0
Kamunting → Alor Setar,15.0,4.0,3.0,1.0,17.0,90.0,197.0,112.0,146.0,195.0,76.0,158.0,77.0,181.0,67.0,214.0,54.0,193.0,117.0,41.0,26.0,2.0,6.0,2.0
Kamunting → Anak Bukit,8.0,0.0,1.0,2.0,6.0,59.0,121.0,102.0,44.0,117.0,50.0,126.0,53.0,145.0,40.0,217.0,65.0,177.0,99.0,34.0,26.0,3.0,3.0,1.0
Kamunting → Arau,25.0,17.0,15.0,9.0,21.0,110.0,204.0,138.0,117.0,259.0,69.0,185.0,118.0,270.0,117.0,296.0,72.0,205.0,197.0,28.0,34.0,17.0,0.0,9.0
Kamunting → Bagan Serai,5.0,0.0,0.0,0.0,1.0,6.0,64.0,61.0,13.0,72.0,14.0,53.0,35.0,70.0,53.0,76.0,40.0,86.0,74.0,64.0,2.0,1.0,1.0,0.0
Kamunting → Bukit Ketri,0.0,2.0,0.0,0.0,8.0,21.0,19.0,11.0,10.0,24.0,10.0,28.0,16.0,42.0,19.0,60.0,15.0,34.0,46.0,18.0,18.0,3.0,0.0,1.0
Kamunting → Bukit Mertajam,44.0,12.0,7.0,2.0,16.0,149.0,906.0,752.0,767.0,464.0,196.0,359.0,182.0,376.0,188.0,415.0,190.0,459.0,530.0,296.0,83.0,6.0,2.0,4.0
Kamunting → Bukit Tengah,13.0,7.0,7.0,2.0,7.0,105.0,950.0,571.0,483.0,207.0,127.0,151.0,67.0,128.0,63.0,214.0,96.0,194.0,250.0,139.0,22.0,4.0,1.0,0.0
Kamunting → Butterworth,51.0,27.0,11.0,7.0,27.0,481.0,1469.0,837.0,524.0,1079.0,376.0,777.0,289.0,646.0,229.0,643.0,217.0,608.0,477.0,452.0,57.0,4.0,0.0,1.0
Kamunting → Gurun,4.0,2.0,1.0,1.0,3.0,47.0,49.0,22.0,13.0,73.0,23.0,67.0,18.0,78.0,26.0,82.0,33.0,74.0,33.0,23.0,6.0,1.0,5.0,0.0
Kamunting → Ipoh,84.0,39.0,31.0,15.0,48.0,577.0,2671.0,2697.0,991.0,1350.0,442.0,475.0,1014.0,386.0,1127.0,392.0,999.0,381.0,894.0,793.0,118.0,129.0,11.0,5.0
Kamunting → Kamunting,3.0,0.0,3.0,3.0,0.0,0.0,2.0,5.0,5.0,1.0,0.0,2.0,0.0,0.0,3.0,1.0,3.0,2.0,2.0,1.0,5.0,0.0,1.0,2.0
Kamunting → Kobah,3.0,1.0,1.0,0.0,0.0,7.0,32.0,32.0,28.0,64.0,11.0,34.0,18.0,43.0,16.0,109.0,22.0,84.0,54.0,27.0,5.0,0.0,2.0,0.0
Kamunting → Kodiang,1.0,0.0,1.0,1.0,5.0,6.0,28.0,22.0,20.0,35.0,14.0,31.0,20.0,28.0,7.0,67.0,14.0,39.0,35.0,10.0,10.0,2.0,0.0,0.0
Kamunting → Kuala Kangsar,4.0,3.0,2.0,1.0,3.0,8.0,266.0,430.0,71.0,155.0,67.0,37.0,113.0,80.0,167.0,85.0,219.0,126.0,153.0,213.0,24.0,4.0,1.0,2.0
Kamunting → Nibong Tebal,7.0,3.0,1.0,1.0,4.0,153.0,348.0,420.0,33.0,215.0,76.0,94.0,69.0,123.0,46.0,131.0,48.0,166.0,164.0,67.0,10.0,2.0,3.0,5.0
Kamunting → Padang Besar,47.0,6.0,4.0,7.0,85.0,810.0,1002.0,370.0,999.0,364.0,124.0,70.0,53.0,44.0,35.0,67.0,26.0,27.0,17.0,5.0,2.0,34.0,6.0,1.0
Kamunting → Padang Rengas,0.0,3.0,0.0,0.0,0.0,46.0,302.0,124.0,44.0,41.0,22.0,15.0,43.0,28.0,52.0,44.0,46.0,40.0,87.0,97.0,3.0,0.0,0.0,1.0
Kamunting → Parit Buntar,6.0,6.0,4.0,4.0,4.0,19.0,277.0,558.0,45.0,147.0,61.0,125.0,60.0,173.0,56.0,134.0,56.0,163.0,218.0,329.0,15.0,0.0,0.0,1.0
Kamunting → Penalty,0.0,0.0,0.0,0.0,0.0,0.0,8.0,5.0,0.0,0.0,3.0,0.0,0.0,0.0,0.0,0.0,0.0,0.0,0.0,0.0,0.0,0.0,0.0,0.0
Kamunting → Simpang Ampat,11.0,2.0,1.0,1.0,12.0,168.0,999.0,1085.0,392.0,207.0,98.0,170.0,117.0,243.0,98.0,264.0,168.0,395.0,480.0,229.0,45.0,6.0,1.0,7.0
Kamunting → Sungai Petani,13.0,5.0,6.0,7.0,13.0,68.0,252.0,125.0,101.0,273.0,87.0,256.0,81.0,284.0,90.0,382.0,90.0,429.0,196.0,120.0,33.0,2.0,11.0,1.0
Kamunting → Sungai Siput,4.0,1.0,1.0,2.0,3.0,10.0,101.0,536.0,69.0,86.0,40.0,25.0,153.0,103.0,118.0,71.0,109.0,146.0,113.0,190.0,24.0,2.0,0.0,0.0
Kamunting → Taiping,0.0,0.0,0.0,1.0,1.0,5.0,26.0,34.0,12.0,30.0,22.0,13.0,25.0,21.0,19.0,29.0,21.0,16.0,33.0,27.0,3.0,2.0,0.0,1.0
Kamunting → Tasek Gelugor,2.0,3.0,3.0,0.0,2.0,25.0,89.0,61.0,35.0,138.0,40.0,115.0,49.0,84.0,48.0,149.0,46.0,316.0,57.0,24.0,3.0,1.0,0.0,0.0
Kamunting → Unknown,0.0,0.0,0.0,0.0,0.0,3.0,4.0,2.0,0.0,0.0,1.0,0.0,1.0,2.0,1.0,1.0,2.0,2.0,0.0,0.0,0.0,0.0,0.0,0.0
Kobah → Alor Setar,60.0,41.0,6.0,9.0,5.0,75.0,788.0,2052.0,1488.0,1441.0,658.0,1900.0,706.0,1313.0,466.0,1240.0,743.0,629.0,420.0,255.0,186.0,65.0,69.0,8.0
Kobah → Anak Bukit,5.0,1.0,1.0,0.0,0.0,33.0,501.0,1179.0,495.0,150.0,72.0,192.0,85.0,168.0,72.0,254.0,233.0,247.0,306.0,185.0,140.0,54.0,67.0,6.0
Kobah → Arau,33.0,16.0,6.0,3.0,22.0,295.0,1192.0,1643.0,1281.0,516.0,416.0,546.0,392.0,535.0,555.0,1033.0,930.0,1242.0,983.0,782.0,502.0,221.0,197.0,121.0
Kobah → Bagan Serai,4.0,0.0,0.0,0.0,2.0,55.0,110.0,116.0,53.0,48.0,38.0,42.0,42.0,67.0,45.0,83.0,80.0,58.0,52.0,10.0,6.0,2.0,0.0,0.0
Kobah → Bukit Ketri,1.0,0.0,0.0,0.0,1.0,16.0,167.0,436.0,189.0,87.0,69.0,88.0,65.0,87.0,90.0,206.0,201.0,178.0,203.0,178.0,127.0,81.0,48.0,17.0
Kobah → Bukit Mertajam,38.0,27.0,12.0,13.0,35.0,622.0,2899.0,2683.0,2335.0,1545.0,795.0,848.0,753.0,640.0,562.0,867.0,889.0,913.0,864.0,782.0,709.0,393.0,438.0,166.0
Kobah → Bukit Tengah,72.0,17.0,12.0,13.0,115.0,895.0,3767.0,4326.0,2688.0,1045.0,552.0,724.0,502.0,554.0,461.0,940.0,877.0,1059.0,927.0,990.0,1072.0,611.0,641.0,210.0
Kobah → Butterworth,79.0,53.0,16.0,9.0,23.0,586.0,2873.0,3096.0,2174.0,1644.0,1161.0,1192.0,907.0,903.0,879.0,1402.0,1130.0,1315.0,938.0,969.0,606.0,384.0,239.0,104.0
Kobah → Gurun,1.0,1.0,5.0,0.0,1.0,22.0,175.0,232.0,208.0,72.0,41.0,84.0,47.0,111.0,55.0,171.0,129.0,119.0,87.0,69.0,60.0,36.0,22.0,0.0
Kobah → Ipoh,25.0,10.0,6.0,3.0,9.0,83.0,161.0,291.0,314.0,145.0,176.0,296.0,177.0,212.0,221.0,319.0,253.0,195.0,140.0,48.0,41.0,17.0,2.0,1.0
Kobah → Kamunting,0.0,3.0,1.0,0.0,2.0,34.0,38.0,42.0,71.0,29.0,23.0,77.0,18.0,41.0,41.0,69.0,81.0,49.0,36.0,11.0,5.0,2.0,0.0,0.0
Kobah → Kobah,0.0,4.0,2.0,1.0,1.0,0.0,22.0,26.0,7.0,5.0,3.0,8.0,3.0,7.0,2.0,9.0,14.0,10.0,9.0,7.0,2.0,2.0,25.0,2.0
Kobah → Kodiang,5.0,2.0,0.0,2.0,1.0,29.0,133.0,140.0,115.0,95.0,78.0,101.0,62.0,142.0,111.0,227.0,195.0,268.0,203.0,129.0,86.0,46.0,44.0,13.0
Kobah → Kuala Kangsar,17.0,4.0,0.0,0.0,1.0,36.0,52.0,99.0,120.0,35.0,64.0,82.0,53.0,60.0,77.0,103.0,80.0,82.0,39.0,6.0,6.0,3.0,0.0,0.0
Kobah → Nibong Tebal,2.0,1.0,1.0,0.0,0.0,78.0,116.0,119.0,107.0,76.0,66.0,101.0,80.0,99.0,85.0,126.0,121.0,90.0,80.0,21.0,6.0,1.0,3.0,0.0
Kobah → Padang Besar,33.0,16.0,14.0,7.0,9.0,306.0,981.0,1931.0,2482.0,3106.0,2037.0,1984.0,1123.0,1189.0,808.0,701.0,300.0,193.0,160.0,88.0,58.0,47.0,37.0,15.0
Kobah → Padang Rengas,0.0,0.0,0.0,0.0,0.0,4.0,7.0,9.0,13.0,5.0,3.0,8.0,6.0,26.0,11.0,17.0,8.0,18.0,7.0,1.0,4.0,0.0,3.0,0.0
Kobah → Parit Buntar,2.0,1.0,1.0,0.0,1.0,143.0,114.0,116.0,62.0,78.0,57.0,82.0,54.0,60.0,83.0,121.0,109.0,63.0,66.0,12.0,5.0,0.0,0.0,0.0
Kobah → Penalty,0.0,0.0,0.0,0.0,0.0,0.0,30.0,14.0,3.0,0.0,0.0,3.0,0.0,0.0,0.0,0.0,0.0,0.0,0.0,0.0,0.0,0.0,0.0,0.0
Kobah → Simpang Ampat,3.0,0.0,2.0,0.0,3.0,61.0,86.0,106.0,89.0,61.0,65.0,86.0,102.0,97.0,101.0,131.0,134.0,160.0,87.0,31.0,8.0,2.0,1.0,0.0
Kobah → Sungai Petani,34.0,19.0,19.0,11.0,16.0,249.0,1854.0,3410.0,1656.0,1777.0,640.0,1016.0,479.0,791.0,473.0,1212.0,956.0,1437.0,997.0,715.0,660.0,226.0,294.0,57.0
Kobah → Sungai Siput,0.0,2.0,0.0,0.0,0.0,16.0,26.0,19.0,14.0,8.0,13.0,9.0,8.0,14.0,4.0,32.0,15.0,4.0,6.0,0.0,5.0,1.0,0.0,1.0
Kobah → Taiping,0.0,6.0,1.0,1.0,2.0,61.0,119.0,94.0,112.0,88.0,103.0,182.0,66.0,109.0,94.0,209.0,162.0,113.0,84.0,7.0,7.0,1.0,0.0,0.0
Kobah → Tasek Gelugor,25.0,17.0,6.0,4.0,5.0,447.0,1410.0,2397.0,954.0,800.0,408.0,492.0,423.0,545.0,414.0,727.0,725.0,960.0,687.0,626.0,573.0,249.0,274.0,64.0
Kobah → Unknown,0.0,0.0,0.0,0.0,0.0,1.0,9.0,2.0,3.0,2.0,3.0,1.0,4.0,1.0,3.0,2.0,5.0,3.0,5.0,1.0,2.0,1.0,0.0,0.0
Kodiang → Alor Setar,50.0,26.0,12.0,4.0,11.0,109.0,645.0,1086.0,1450.0,499.0,1670.0,405.0,1198.0,350.0,999.0,960.0,552.0,638.0,318.0,299.0,92.0,119.0,28.0,5.0
Kodiang → Anak Bukit,4.0,2.0,2.0,0.0,5.0,29.0,484.0,410.0,325.0,71.0,155.0,53.0,140.0,87.0,164.0,191.0,113.0,132.0,90.0,114.0,37.0,43.0,7.0,0.0
Kodiang → Arau,0.0,0.0,1.0,1.0,0.0,4.0,36.0,47.0,57.0,59.0,24.0,36.0,24.0,42.0,27.0,59.0,104.0,56.0,54.0,42.0,32.0,12.0,11.0,0.0
Kodiang → Bagan Serai,2.0,0.0,2.0,5.0,26.0,102.0,21.0,54.0,13.0,13.0,57.0,10.0,35.0,20.0,56.0,40.0,82.0,77.0,8.0,14.0,3.0,0.0,0.0,0.0
Kodiang → Bukit Ketri,2.0,0.0,0.0,0.0,0.0,0.0,9.0,24.0,154.0,76.0,7.0,17.0,13.0,21.0,8.0,19.0,39.0,28.0,22.0,12.0,14.0,1.0,4.0,1.0
Kodiang → Bukit Mertajam,29.0,11.0,7.0,4.0,75.0,919.0,963.0,1044.0,640.0,259.0,749.0,133.0,666.0,161.0,696.0,518.0,598.0,590.0,588.0,528.0,208.0,676.0,9.0,122.0
Kodiang → Bukit Tengah,17.0,14.0,8.0,3.0,32.0,1188.0,1499.0,1170.0,688.0,208.0,763.0,113.0,761.0,127.0,603.0,611.0,596.0,619.0,590.0,824.0,241.0,1250.0,7.0,133.0
Kodiang → Butterworth,52.0,31.0,11.0,11.0,44.0,483.0,852.0,1271.0,1135.0,335.0,1092.0,295.0,885.0,246.0,942.0,795.0,756.0,773.0,641.0,653.0,167.0,500.0,3.0,105.0
Kodiang → Gurun,27.0,10.0,1.0,3.0,9.0,290.0,438.0,543.0,232.0,112.0,192.0,71.0,172.0,135.0,322.0,293.0,261.0,297.0,242.0,148.0,50.0,135.0,10.0,0.0
Kodiang → Ipoh,14.0,11.0,3.0,3.0,8.0,54.0,84.0,188.0,64.0,42.0,131.0,83.0,151.0,44.0,186.0,91.0,143.0,108.0,20.0,10.0,20.0,14.0,1.0,1.0
Kodiang → Kamunting,0.0,1.0,0.0,4.0,7.0,33.0,15.0,27.0,24.0,4.0,36.0,10.0,41.0,15.0,47.0,63.0,17.0,43.0,2.0,3.0,1.0,0.0,0.0,0.0
Kodiang → Kobah,6.0,4.0,1.0,0.0,3.0,59.0,149.0,401.0,247.0,55.0,176.0,66.0,141.0,90.0,225.0,244.0,193.0,181.0,168.0,152.0,39.0,92.0,8.0,2.0
Kodiang → Kodiang,0.0,0.0,1.0,0.0,0.0,1.0,5.0,7.0,2.0,4.0,1.0,1.0,5.0,1.0,1.0,2.0,3.0,1.0,4.0,4.0,2.0,0.0,0.0,1.0
Kodiang → Kuala Kangsar,5.0,3.0,1.0,0.0,1.0,12.0,25.0,63.0,20.0,15.0,51.0,11.0,29.0,19.0,69.0,38.0,27.0,40.0,0.0,7.0,26.0,3.0,1.0,0.0
Kodiang → Nibong Tebal,3.0,0.0,0.0,0.0,0.0,20.0,27.0,60.0,15.0,24.0,40.0,12.0,49.0,33.0,77.0,42.0,58.0,72.0,7.0,13.0,4.0,0.0,0.0,1.0
Kodiang → Padang Besar,50.0,16.0,14.0,11.0,9.0,51.0,342.0,545.0,771.0,1108.0,462.0,829.0,325.0,657.0,211.0,358.0,185.0,75.0,55.0,36.0,30.0,9.0,7.0,2.0
Kodiang → Padang Rengas,0.0,0.0,0.0,0.0,0.0,6.0,3.0,17.0,0.0,4.0,11.0,6.0,7.0,0.0,5.0,3.0,5.0,4.0,0.0,0.0,0.0,0.0,0.0,0.0
Kodiang → Parit Buntar,1.0,1.0,1.0,0.0,4.0,17.0,38.0,91.0,30.0,25.0,104.0,27.0,93.0,38.0,121.0,73.0,67.0,80.0,18.0,22.0,4.0,1.0,0.0,0.0
Kodiang → Penalty,0.0,0.0,0.0,0.0,0.0,0.0,10.0,8.0,1.0,0.0,1.0,1.0,0.0,1.0,0.0,0.0,0.0,0.0,0.0,0.0,0.0,0.0,0.0,1.0
Kodiang → Simpang Ampat,1.0,0.0,0.0,0.0,3.0,23.0,45.0,69.0,22.0,33.0,118.0,14.0,93.0,17.0,129.0,73.0,107.0,118.0,28.0,22.0,4.0,2.0,0.0,0.0
Kodiang → Sungai Petani,68.0,23.0,15.0,5.0,26.0,519.0,1467.0,1500.0,1171.0,449.0,1018.0,358.0,928.0,431.0,1296.0,1220.0,1064.0,1068.0,974.0,708.0,297.0,585.0,63.0,31.0
Kodiang → Sungai Siput,0.0,0.0,0.0,0.0,0.0,5.0,9.0,9.0,3.0,3.0,9.0,3.0,15.0,2.0,6.0,13.0,5.0,6.0,2.0,0.0,0.0,2.0,0.0,0.0
Kodiang → Taiping,4.0,1.0,0.0,0.0,0.0,23.0,24.0,66.0,42.0,25.0,88.0,14.0,36.0,25.0,66.0,37.0,44.0,58.0,7.0,4.0,20.0,1.0,1.0,0.0
Kodiang → Tasek Gelugor,73.0,50.0,8.0,6.0,207.0,876.0,663.0,857.0,709.0,184.0,533.0,170.0,557.0,227.0,695.0,655.0,577.0,635.0,561.0,463.0,158.0,527.0,9.0,85.0
Kodiang → Unknown,0.0,0.0,0.0,0.0,0.0,0.0,6.0,3.0,0.0,1.0,0.0,1.0,0.0,0.0,1.0,0.0,0.0,2.0,2.0,2.0,1.0,0.0,0.0,0.0
Kuala Kangsar → Alor Setar,26.0,8.0,10.0,11.0,42.0,64.0,165.0,80.0,154.0,220.0,110.0,206.0,127.0,206.0,114.0,190.0,104.0,229.0,130.0,21.0,27.0,7.0,10.0,1.0
Kuala Kangsar → Anak Bukit,8.0,8.0,3.0,2.0,13.0,36.0,150.0,103.0,125.0,130.0,90.0,133.0,111.0,172.0,145.0,213.0,145.0,176.0,91.0,10.0,24.0,14.0,7.0,1.0
Kuala Kangsar → Arau,37.0,18.0,13.0,27.0,66.0,139.0,247.0,123.0,199.0,267.0,238.0,183.0,208.0,243.0,214.0,212.0,170.0,287.0,142.0,9.0,47.0,55.0,3.0,15.0
Kuala Kangsar → Bagan Serai,6.0,2.0,0.0,0.0,9.0,16.0,81.0,314.0,72.0,61.0,70.0,91.0,73.0,72.0,123.0,117.0,111.0,121.0,194.0,87.0,15.0,1.0,2.0,1.0
Kuala Kangsar → Bukit Ketri,3.0,0.0,1.0,0.0,1.0,7.0,10.0,7.0,20.0,16.0,13.0,26.0,20.0,20.0,13.0,34.0,36.0,46.0,35.0,1.0,3.0,1.0,0.0,0.0
Kuala Kangsar → Bukit Mertajam,58.0,19.0,10.0,13.0,68.0,167.0,792.0,191.0,385.0,321.0,358.0,363.0,330.0,375.0,331.0,371.0,324.0,461.0,478.0,90.0,70.0,7.0,2.0,1.0
Kuala Kangsar → Bukit Tengah,9.0,10.0,4.0,3.0,58.0,253.0,534.0,402.0,115.0,113.0,96.0,122.0,95.0,89.0,86.0,139.0,89.0,192.0,193.0,52.0,56.0,5.0,1.0,2.0
Kuala Kangsar → Butterworth,91.0,45.0,22.0,14.0,150.0,279.0,939.0,386.0,812.0,730.0,485.0,490.0,432.0,517.0,392.0,511.0,368.0,582.0,509.0,164.0,82.0,7.0,2.0,8.0
Kuala Kangsar → Gurun,2.0,5.0,1.0,1.0,7.0,12.0,65.0,113.0,66.0,84.0,55.0,88.0,67.0,85.0,75.0,116.0,54.0,121.0,61.0,11.0,5.0,0.0,2.0,1.0
Kuala Kangsar → Ipoh,217.0,118.0,49.0,39.0,43.0,151.0,2543.0,3992.0,2237.0,1588.0,2445.0,872.0,963.0,1941.0,1020.0,1430.0,914.0,1251.0,1111.0,841.0,339.0,78.0,35.0,10.0
Kuala Kangsar → Kamunting,10.0,5.0,5.0,2.0,4.0,26.0,247.0,197.0,92.0,140.0,108.0,170.0,112.0,148.0,95.0,172.0,111.0,333.0,205.0,29.0,25.0,7.0,0.0,0.0
Kuala Kangsar → Kobah,4.0,2.0,4.0,0.0,11.0,23.0,64.0,33.0,53.0,65.0,55.0,99.0,70.0,78.0,56.0,97.0,62.0,116.0,51.0,14.0,7.0,2.0,5.0,0.0
Kuala Kangsar → Kodiang,1.0,1.0,1.0,0.0,2.0,6.0,24.0,23.0,15.0,35.0,14.0,42.0,33.0,33.0,37.0,44.0,33.0,31.0,28.0,2.0,14.0,6.0,1.0,0.0
Kuala Kangsar → Kuala Kangsar,3.0,1.0,0.0,0.0,0.0,0.0,12.0,4.0,4.0,5.0,2.0,4.0,5.0,7.0,2.0,3.0,1.0,0.0,2.0,5.0,2.0,0.0,0.0,3.0
Kuala Kangsar → Nibong Tebal,3.0,4.0,2.0,3.0,59.0,168.0,145.0,97.0,56.0,76.0,75.0,76.0,75.0,80.0,74.0,102.0,62.0,175.0,92.0,16.0,13.0,1.0,2.0,2.0
Kuala Kangsar → Padang Besar,174.0,48.0,12.0,50.0,587.0,488.0,939.0,113.0,551.0,312.0,205.0,68.0,101.0,46.0,48.0,49.0,22.0,27.0,26.0,3.0,12.0,4.0,3.0,1.0
Kuala Kangsar → Padang Rengas,0.0,0.0,1.0,1.0,7.0,11.0,159.0,11.0,4.0,10.0,7.0,15.0,6.0,25.0,11.0,16.0,19.0,111.0,115.0,18.0,6.0,3.0,1.0,0.0
Kuala Kangsar → Parit Buntar,10.0,9.0,2.0,3.0,10.0,92.0,499.0,159.0,109.0,133.0,175.0,170.0,148.0,136.0,128.0,183.0,162.0,249.0,327.0,166.0,177.0,2.0,1.0,0.0
Kuala Kangsar → Penalty,0.0,0.0,0.0,0.0,0.0,0.0,11.0,2.0,1.0,0.0,2.0,0.0,1.0,0.0,0.0,0.0,0.0,0.0,0.0,0.0,0.0,0.0,0.0,0.0
Kuala Kangsar → Simpang Ampat,16.0,7.0,5.0,9.0,73.0,107.0,291.0,115.0,211.0,140.0,129.0,121.0,108.0,158.0,121.0,155.0,153.0,199.0,249.0,99.0,25.0,5.0,1.0,0.0
Kuala Kangsar → Sungai Petani,32.0,13.0,9.0,6.0,40.0,103.0,264.0,153.0,289.0,304.0,212.0,283.0,242.0,321.0,212.0,361.0,235.0,426.0,185.0,62.0,25.0,2.0,9.0,2.0
Kuala Kangsar → Sungai Siput,4.0,4.0,2.0,0.0,1.0,15.0,122.0,136.0,71.0,27.0,82.0,10.0,40.0,86.0,45.0,96.0,47.0,98.0,55.0,55.0,24.0,1.0,0.0,0.0
Kuala Kangsar → Taiping,92.0,41.0,29.0,12.0,42.0,196.0,1802.0,743.0,701.0,1529.0,630.0,960.0,538.0,933.0,416.0,774.0,451.0,932.0,599.0,185.0,12.0,9.0,8.0,2.0
Kuala Kangsar → Tasek Gelugor,13.0,17.0,8.0,0.0,2.0,14.0,97.0,57.0,77.0,120.0,74.0,126.0,93.0,144.0,115.0,166.0,104.0,224.0,85.0,29.0,18.0,1.0,3.0,1.0
Kuala Kangsar → Unknown,0.0,0.0,0.0,0.0,0.0,1.0,3.0,2.0,4.0,0.0,0.0,2.0,1.0,3.0,1.0,1.0,1.0,2.0,1.0,1.0,0.0,0.0,0.0,0.0
Nibong Tebal → Alor Setar,20.0,5.0,2.0,1.0,7.0,583.0,357.0,395.0,130.0,269.0,237.0,207.0,190.0,165.0,244.0,200.0,299.0,272.0,362.0,303.0,78.0,7.0,7.0,1.0
Nibong Tebal → Anak Bukit,8.0,7.0,4.0,0.0,9.0,229.0,181.0,176.0,57.0,124.0,109.0,90.0,120.0,148.0,191.0,162.0,202.0,163.0,166.0,135.0,181.0,12.0,3.0,3.0
Nibong Tebal → Arau,23.0,12.0,11.0,8.0,4.0,166.0,238.0,261.0,81.0,221.0,227.0,174.0,227.0,202.0,250.0,260.0,296.0,194.0,336.0,78.0,99.0,48.0,2.0,6.0
Nibong Tebal → Bagan Serai,0.0,1.0,0.0,0.0,0.0,4.0,50.0,239.0,25.0,51.0,13.0,16.0,81.0,40.0,89.0,39.0,138.0,133.0,153.0,64.0,10.0,0.0,0.0,0.0
Nibong Tebal → Bukit Ketri,1.0,1.0,0.0,0.0,2.0,18.0,31.0,34.0,22.0,30.0,48.0,18.0,42.0,29.0,48.0,20.0,49.0,35.0,40.0,27.0,16.0,8.0,2.0,3.0
Nibong Tebal → Bukit Mertajam,22.0,8.0,11.0,3.0,6.0,335.0,1004.0,2708.0,960.0,299.0,524.0,216.0,420.0,236.0,454.0,324.0,444.0,347.0,531.0,304.0,95.0,5.0,5.0,3.0
Nibong Tebal → Bukit Tengah,7.0,3.0,7.0,1.0,0.0,39.0,252.0,407.0,113.0,104.0,161.0,107.0,165.0,91.0,171.0,195.0,154.0,190.0,226.0,179.0,34.0,1.0,4.0,0.0
Nibong Tebal → Butterworth,79.0,28.0,11.0,12.0,7.0,503.0,1359.0,2468.0,709.0,672.0,1121.0,602.0,724.0,455.0,706.0,565.0,525.0,524.0,890.0,575.0,103.0,22.0,19.0,3.0
Nibong Tebal → Gurun,2.0,2.0,1.0,1.0,3.0,34.0,86.0,96.0,86.0,74.0,65.0,89.0,68.0,65.0,79.0,92.0,94.0,146.0,95.0,109.0,25.0,1.0,6.0,0.0
Nibong Tebal → Ipoh,81.0,40.0,15.0,14.0,78.0,481.0,668.0,804.0,458.0,826.0,157.0,431.0,612.0,258.0,676.0,312.0,762.0,667.0,851.0,507.0,100.0,96.0,8.0,1.0
Nibong Tebal → Kamunting,10.0,1.0,1.0,1.0,0.0,41.0,137.0,349.0,124.0,103.0,34.0,49.0,116.0,60.0,167.0,71.0,184.0,371.0,316.0,103.0,5.0,0.0,0.0,4.0
Nibong Tebal → Kobah,9.0,10.0,2.0,2.0,1.0,42.0,73.0,93.0,35.0,97.0,71.0,66.0,86.0,106.0,90.0,112.0,98.0,112.0,130.0,55.0,29.0,1.0,3.0,0.0
Nibong Tebal → Kodiang,5.0,1.0,1.0,1.0,0.0,16.0,43.0,67.0,14.0,37.0,50.0,19.0,46.0,48.0,69.0,37.0,60.0,30.0,50.0,15.0,4.0,5.0,1.0,0.0
Nibong Tebal → Kuala Kangsar,3.0,2.0,2.0,0.0,2.0,51.0,213.0,150.0,73.0,215.0,26.0,43.0,72.0,45.0,72.0,55.0,117.0,159.0,115.0,199.0,19.0,7.0,0.0,2.0
Nibong Tebal → Nibong Tebal,2.0,0.0,0.0,0.0,0.0,0.0,7.0,7.0,1.0,3.0,2.0,1.0,1.0,0.0,3.0,1.0,8.0,4.0,8.0,2.0,2.0,2.0,0.0,2.0
Nibong Tebal → Padang Besar,106.0,49.0,8.0,18.0,57.0,1523.0,861.0,1235.0,692.0,408.0,318.0,105.0,138.0,82.0,98.0,37.0,62.0,29.0,47.0,16.0,5.0,8.0,5.0,0.0
Nibong Tebal → Padang Rengas,3.0,0.0,0.0,0.0,2.0,7.0,81.0,33.0,73.0,25.0,15.0,7.0,30.0,15.0,26.0,11.0,41.0,99.0,26.0,33.0,6.0,3.0,0.0,3.0
Nibong Tebal → Parit Buntar,1.0,0.0,1.0,0.0,1.0,4.0,48.0,11.0,7.0,18.0,2.0,8.0,24.0,90.0,47.0,16.0,33.0,48.0,44.0,19.0,1.0,2.0,0.0,0.0
Nibong Tebal → Penalty,0.0,0.0,0.0,0.0,0.0,0.0,6.0,3.0,0.0,0.0,0.0,1.0,0.0,0.0,0.0,0.0,0.0,0.0,0.0,0.0,0.0,0.0,0.0,0.0
Nibong Tebal → Simpang Ampat,5.0,3.0,3.0,1.0,1.0,27.0,87.0,344.0,148.0,59.0,137.0,80.0,173.0,106.0,193.0,159.0,229.0,208.0,331.0,218.0,14.0,2.0,3.0,2.0
Nibong Tebal → Sungai Petani,15.0,6.0,8.0,6.0,1.0,48.0,356.0,613.0,200.0,232.0,248.0,232.0,276.0,242.0,307.0,435.0,323.0,584.0,458.0,406.0,54.0,4.0,11.0,3.0
Nibong Tebal → Sungai Siput,7.0,2.0,3.0,0.0,2.0,52.0,70.0,82.0,47.0,109.0,44.0,27.0,98.0,28.0,83.0,49.0,121.0,116.0,109.0,102.0,12.0,6.0,0.0,0.0
Nibong Tebal → Taiping,11.0,5.0,3.0,5.0,162.0,121.0,459.0,565.0,840.0,1012.0,278.0,248.0,482.0,365.0,391.0,204.0,391.0,678.0,856.0,407.0,162.0,7.0,3.0,0.0
Nibong Tebal → Tasek Gelugor,10.0,8.0,1.0,1.0,1.0,44.0,211.0,243.0,75.0,103.0,128.0,145.0,194.0,208.0,199.0,325.0,208.0,529.0,241.0,643.0,52.0,6.0,5.0,1.0
Nibong Tebal → Unknown,0.0,0.0,0.0,0.0,0.0,3.0,5.0,1.0,0.0,2.0,4.0,0.0,2.0,0.0,1.0,0.0,2.0,1.0,1.0,0.0,0.0,0.0,0.0,0.0
Padang Besar → Alor Setar,92.0,58.0,35.0,20.0,32.0,132.0,894.0,1951.0,3272.0,6755.0,5513.0,2901.0,2621.0,2584.0,2611.0,3329.0,5059.0,3253.0,2849.0,1997.0,1093.0,316.0,531.0,10.0
Padang Besar → Anak Bukit,23.0,14.0,22.0,6.0,10.0,90.0,656.0,549.0,364.0,337.0,424.0,542.0,482.0,769.0,1092.0,1436.0,2549.0,1613.0,1195.0,1065.0,485.0,152.0,100.0,1.0
Padang Besar → Arau,26.0,8.0,7.0,11.0,37.0,36.0,378.0,432.0,286.0,755.0,816.0,979.0,916.0,1142.0,1451.0,1578.0,3165.0,1368.0,1055.0,734.0,445.0,177.0,82.0,8.0
Padang Besar → Bagan Serai,1.0,0.0,1.0,0.0,9.0,19.0,71.0,57.0,18.0,62.0,110.0,84.0,147.0,180.0,357.0,339.0,409.0,319.0,216.0,246.0,91.0,5.0,0.0,1.0
Padang Besar → Bukit Ketri,1.0,0.0,1.0,0.0,0.0,3.0,52.0,53.0,201.0,54.0,57.0,47.0,81.0,57.0,143.0,102.0,259.0,170.0,110.0,88.0,43.0,19.0,1.0,2.0
Padang Besar → Bukit Mertajam,161.0,125.0,34.0,9.0,199.0,167.0,646.0,757.0,603.0,1139.0,1712.0,1792.0,2006.0,2643.0,3694.0,4505.0,9159.0,4990.0,4962.0,2869.0,2557.0,1061.0,33.0,680.0
Padang Besar → Bukit Tengah,11.0,3.0,2.0,5.0,29.0,63.0,317.0,288.0,156.0,153.0,333.0,330.0,438.0,381.0,699.0,620.0,1483.0,906.0,819.0,563.0,480.0,379.0,4.0,151.0
Padang Besar → Butterworth,251.0,207.0,60.0,33.0,117.0,258.0,1503.0,2524.0,2977.0,16607.0,11245.0,10194.0,5235.0,4713.0,6127.0,6295.0,14945.0,6799.0,6222.0,4225.0,2789.0,1346.0,13.0,471.0
Padang Besar → Gurun,13.0,11.0,3.0,0.0,17.0,168.0,280.0,310.0,157.0,222.0,354.0,359.0,482.0,660.0,836.0,1126.0,1863.0,1154.0,1216.0,946.0,612.0,160.0,237.0,21.0
Padang Besar → Ipoh,27.0,39.0,17.0,11.0,46.0,46.0,175.0,228.0,165.0,560.0,505.0,649.0,600.0,814.0,1055.0,1109.0,1535.0,477.0,308.0,208.0,320.0,231.0,9.0,2.0
Padang Besar → Kamunting,1.0,1.0,2.0,4.0,5.0,6.0,27.0,46.0,32.0,44.0,90.0,127.0,178.0,212.0,251.0,583.0,393.0,389.0,242.0,278.0,153.0,4.0,0.0,0.0
Padang Besar → Kobah,10.0,1.0,0.0,1.0,5.0,24.0,313.0,292.0,132.0,177.0,275.0,351.0,304.0,498.0,644.0,1112.0,1599.0,1060.0,1003.0,874.0,601.0,110.0,188.0,7.0
Padang Besar → Kodiang,1.0,1.0,2.0,0.0,12.0,6.0,46.0,66.0,43.0,41.0,86.0,129.0,235.0,281.0,321.0,432.0,694.0,431.0,445.0,347.0,183.0,78.0,28.0,1.0
Padang Besar → Kuala Kangsar,11.0,14.0,2.0,0.0,2.0,1.0,35.0,39.0,62.0,88.0,101.0,165.0,156.0,273.0,282.0,472.0,412.0,365.0,25.0,261.0,125.0,22.0,0.0,0.0
Padang Besar → Nibong Tebal,7.0,8.0,1.0,5.0,0.0,10.0,45.0,38.0,30.0,70.0,122.0,223.0,290.0,360.0,666.0,665.0,1040.0,256.0,287.0,223.0,19.0,0.0,0.0,1.0
Padang Besar → Padang Besar,0.0,0.0,0.0,0.0,0.0,0.0,10.0,5.0,11.0,6.0,10.0,1.0,8.0,5.0,8.0,9.0,13.0,12.0,10.0,8.0,22.0,9.0,5.0,2.0
Padang Besar → Padang Rengas,0.0,1.0,0.0,0.0,0.0,5.0,3.0,19.0,4.0,25.0,26.0,22.0,47.0,73.0,72.0,154.0,61.0,89.0,14.0,59.0,46.0,16.0,0.0,0.0
Padang Besar → Parit Buntar,18.0,4.0,7.0,1.0,2.0,6.0,102.0,53.0,55.0,142.0,179.0,242.0,451.0,602.0,1057.0,793.0,1387.0,445.0,508.0,549.0,97.0,5.0,0.0,1.0
Padang Besar → Penalty,0.0,0.0,0.0,0.0,0.0,0.0,33.0,15.0,0.0,1.0,5.0,3.0,1.0,1.0,0.0,0.0,0.0,0.0,0.0,0.0,0.0,1.0,0.0,0.0
Padang Besar → Simpang Ampat,1.0,2.0,0.0,1.0,1.0,7.0,51.0,32.0,35.0,46.0,137.0,203.0,211.0,265.0,380.0,368.0,738.0,221.0,261.0,120.0,22.0,10.0,0.0,0.0
Padang Besar → Sungai Petani,56.0,69.0,25.0,9.0,18.0,120.0,620.0,615.0,567.0,1089.0,1242.0,1744.0,1849.0,2460.0,3522.0,4210.0,7934.0,4213.0,5015.0,2878.0,2249.0,637.0,178.0,218.0
Padang Besar → Sungai Siput,6.0,0.0,0.0,0.0,6.0,0.0,36.0,25.0,2.0,29.0,68.0,69.0,102.0,105.0,184.0,180.0,254.0,104.0,33.0,52.0,83.0,12.0,0.0,0.0
Padang Besar → Taiping,8.0,10.0,4.0,3.0,9.0,13.0,86.0,70.0,74.0,246.0,345.0,434.0,541.0,709.0,761.0,1170.0,1173.0,794.0,234.0,217.0,184.0,7.0,2.0,1.0
Padang Besar → Tasek Gelugor,36.0,22.0,19.0,12.0,13.0,94.0,627.0,446.0,310.0,469.0,656.0,901.0,1358.0,1223.0,2661.0,2755.0,4705.0,3465.0,3510.0,2225.0,1855.0,694.0,6.0,369.0
Padang Besar → Unknown,0.0,0.0,0.0,0.0,6.0,61.0,29.0,40.0,22.0,6.0,8.0,8.0,13.0,9.0,17.0,8.0,20.0,9.0,11.0,4.0,5.0,1.0,0.0,0.0
Padang Rengas → Alor Setar,6.0,1.0,0.0,0.0,10.0,47.0,86.0,19.0,23.0,48.0,20.0,22.0,14.0,36.0,13.0,37.0,9.0,38.0,28.0,6.0,11.0,7.0,12.0,2.0
Padang Rengas → Anak Bukit,1.0,0.0,0.0,0.0,1.0,27.0,30.0,9.0,17.0,32.0,5.0,19.0,11.0,33.0,15.0,84.0,15.0,21.0,18.0,1.0,2.0,0.0,1.0,1.0
Padang Rengas → Arau,5.0,0.0,0.0,4.0,7.0,14.0,81.0,15.0,44.0,58.0,34.0,35.0,31.0,51.0,45.0,62.0,33.0,54.0,41.0,5.0,3.0,1.0,0.0,0.0
Padang Rengas → Bagan Serai,0.0,0.0,0.0,0.0,1.0,0.0,20.0,7.0,12.0,18.0,10.0,16.0,19.0,37.0,22.0,43.0,24.0,49.0,44.0,2.0,0.0,0.0,0.0,0.0
Padang Rengas → Bukit Ketri,0.0,0.0,0.0,0.0,1.0,7.0,11.0,5.0,6.0,6.0,3.0,6.0,6.0,6.0,4.0,7.0,14.0,9.0,7.0,0.0,1.0,0.0,0.0,0.0
Padang Rengas → Bukit Mertajam,5.0,6.0,4.0,1.0,4.0,51.0,560.0,139.0,274.0,102.0,85.0,97.0,98.0,93.0,134.0,129.0,150.0,181.0,229.0,111.0,37.0,3.0,1.0,0.0
Padang Rengas → Bukit Tengah,2.0,5.0,1.0,2.0,9.0,45.0,102.0,117.0,37.0,28.0,24.0,40.0,32.0,31.0,28.0,65.0,14.0,62.0,148.0,28.0,18.0,2.0,0.0,0.0
Padang Rengas → Butterworth,2.0,9.0,1.0,7.0,51.0,81.0,230.0,71.0,105.0,241.0,86.0,138.0,70.0,125.0,75.0,150.0,49.0,168.0,157.0,55.0,12.0,3.0,3.0,1.0
Padang Rengas → Gurun,0.0,1.0,0.0,1.0,0.0,5.0,24.0,4.0,10.0,13.0,6.0,10.0,2.0,6.0,11.0,23.0,8.0,47.0,12.0,7.0,3.0,0.0,4.0,0.0
Padang Rengas → Ipoh,14.0,23.0,7.0,12.0,35.0,147.0,328.0,498.0,345.0,221.0,346.0,147.0,207.0,380.0,471.0,389.0,205.0,193.0,176.0,144.0,58.0,37.0,1.0,1.0
Padang Rengas → Kamunting,2.0,1.0,1.0,1.0,1.0,16.0,62.0,106.0,20.0,50.0,35.0,39.0,37.0,60.0,45.0,66.0,30.0,125.0,94.0,72.0,1.0,1.0,1.0,0.0
Padang Rengas → Kobah,2.0,0.0,0.0,0.0,0.0,6.0,9.0,9.0,12.0,20.0,13.0,11.0,5.0,14.0,20.0,22.0,5.0,23.0,4.0,4.0,3.0,0.0,1.0,0.0
Padang Rengas → Kodiang,0.0,0.0,0.0,0.0,0.0,4.0,15.0,2.0,4.0,6.0,2.0,6.0,6.0,10.0,2.0,7.0,4.0,23.0,19.0,0.0,0.0,0.0,0.0,0.0
Padang Rengas → Kuala Kangsar,0.0,2.0,1.0,0.0,13.0,6.0,35.0,131.0,25.0,22.0,27.0,18.0,39.0,81.0,37.0,52.0,44.0,150.0,23.0,8.0,8.0,0.0,0.0,3.0
Padang Rengas → Nibong Tebal,3.0,1.0,0.0,0.0,1.0,5.0,125.0,76.0,18.0,33.0,33.0,20.0,14.0,28.0,19.0,31.0,10.0,46.0,91.0,34.0,16.0,1.0,0.0,3.0
Padang Rengas → Padang Besar,9.0,3.0,20.0,18.0,135.0,187.0,334.0,15.0,268.0,79.0,45.0,7.0,25.0,17.0,14.0,7.0,11.0,6.0,1.0,1.0,3.0,1.0,0.0,1.0
Padang Rengas → Padang Rengas,0.0,0.0,0.0,0.0,0.0,0.0,0.0,2.0,1.0,0.0,0.0,0.0,0.0,0.0,0.0,2.0,1.0,1.0,0.0,2.0,1.0,0.0,0.0,1.0
Padang Rengas → Parit Buntar,0.0,3.0,0.0,0.0,4.0,47.0,336.0,118.0,28.0,60.0,37.0,25.0,34.0,28.0,39.0,30.0,21.0,72.0,165.0,81.0,2.0,0.0,1.0,1.0
Padang Rengas → Penalty,0.0,0.0,0.0,0.0,0.0,0.0,2.0,2.0,0.0,0.0,0.0,0.0,0.0,0.0,0.0,0.0,0.0,0.0,0.0,0.0,0.0,0.0,0.0,0.0
Padang Rengas → Simpang Ampat,5.0,5.0,0.0,0.0,0.0,48.0,149.0,92.0,39.0,47.0,33.0,44.0,12.0,37.0,24.0,54.0,18.0,56.0,180.0,39.0,30.0,2.0,0.0,0.0
Padang Rengas → Sungai Petani,11.0,2.0,3.0,0.0,5.0,19.0,50.0,23.0,31.0,76.0,39.0,48.0,33.0,70.0,53.0,97.0,39.0,109.0,45.0,31.0,13.0,0.0,1.0,0.0
Padang Rengas → Sungai Siput,0.0,0.0,0.0,0.0,1.0,0.0,10.0,20.0,19.0,6.0,21.0,3.0,20.0,24.0,24.0,28.0,20.0,15.0,15.0,6.0,2.0,1.0,0.0,0.0
Padang Rengas → Taiping,8.0,1.0,0.0,0.0,9.0,41.0,530.0,294.0,138.0,519.0,125.0,329.0,122.0,274.0,130.0,258.0,88.0,280.0,123.0,46.0,1.0,1.0,1.0,2.0
Padang Rengas → Tasek Gelugor,8.0,10.0,0.0,0.0,1.0,6.0,19.0,21.0,14.0,21.0,16.0,25.0,11.0,53.0,13.0,37.0,15.0,70.0,33.0,46.0,11.0,0.0,0.0,0.0
Padang Rengas → Unknown,0.0,0.0,0.0,0.0,0.0,3.0,1.0,1.0,0.0,2.0,0.0,1.0,0.0,2.0,0.0,1.0,1.0,0.0,1.0,0.0,0.0,0.0,0.0,0.0
Parit Buntar → Alor Setar,22.0,7.0,9.0,9.0,12.0,300.0,370.0,473.0,141.0,344.0,196.0,293.0,203.0,288.0,215.0,264.0,230.0,279.0,305.0,178.0,98.0,7.0,6.0,3.0
Parit Buntar → Anak Bukit,12.0,9.0,3.0,5.0,7.0,122.0,175.0,308.0,78.0,163.0,162.0,143.0,156.0,218.0,226.0,209.0,239.0,248.0,350.0,127.0,111.0,13.0,7.0,1.0
Parit Buntar → Arau,45.0,16.0,8.0,9.0,24.0,208.0,362.0,483.0,193.0,416.0,294.0,314.0,330.0,442.0,433.0,464.0,312.0,319.0,431.0,90.0,100.0,41.0,0.0,8.0
Parit Buntar → Bagan Serai,3.0,0.0,1.0,0.0,0.0,6.0,79.0,78.0,8.0,29.0,7.0,14.0,67.0,37.0,57.0,32.0,81.0,174.0,176.0,103.0,8.0,2.0,2.0,1.0
Parit Buntar → Bukit Ketri,2.0,2.0,0.0,1.0,0.0,9.0,31.0,29.0,24.0,28.0,20.0,13.0,30.0,28.0,37.0,35.0,40.0,66.0,34.0,19.0,8.0,5.0,0.0,1.0
Parit Buntar → Bukit Mertajam,27.0,21.0,5.0,6.0,9.0,151.0,705.0,2271.0,1063.0,394.0,608.0,416.0,522.0,378.0,479.0,385.0,462.0,345.0,786.0,358.0,340.0,45.0,19.0,16.0
Parit Buntar → Bukit Tengah,16.0,11.0,2.0,1.0,5.0,173.0,414.0,431.0,234.0,113.0,182.0,131.0,196.0,141.0,128.0,167.0,152.0,141.0,148.0,120.0,16.0,10.0,5.0,3.0
Parit Buntar → Butterworth,132.0,51.0,26.0,12.0,41.0,324.0,1244.0,2280.0,771.0,859.0,1129.0,694.0,694.0,537.0,575.0,542.0,501.0,390.0,662.0,511.0,48.0,21.0,28.0,26.0
Parit Buntar → Gurun,10.0,7.0,2.0,0.0,2.0,102.0,119.0,207.0,41.0,105.0,76.0,86.0,57.0,94.0,95.0,106.0,101.0,141.0,103.0,56.0,26.0,5.0,2.0,0.0
Parit Buntar → Ipoh,141.0,60.0,34.0,34.0,51.0,620.0,1008.0,1514.0,672.0,1326.0,299.0,639.0,910.0,363.0,1139.0,397.0,1184.0,770.0,861.0,703.0,99.0,121.0,9.0,2.0
Parit Buntar → Kamunting,9.0,3.0,5.0,2.0,0.0,64.0,131.0,142.0,335.0,180.0,62.0,51.0,182.0,66.0,142.0,85.0,207.0,249.0,331.0,179.0,19.0,1.0,1.0,1.0
Parit Buntar → Kobah,7.0,6.0,0.0,0.0,2.0,23.0,84.0,86.0,29.0,100.0,56.0,61.0,49.0,96.0,93.0,86.0,76.0,113.0,76.0,46.0,13.0,5.0,8.0,3.0
Parit Buntar → Kodiang,1.0,0.0,1.0,0.0,2.0,37.0,41.0,67.0,19.0,61.0,51.0,58.0,47.0,106.0,63.0,81.0,68.0,45.0,80.0,24.0,19.0,9.0,0.0,0.0
Parit Buntar → Kuala Kangsar,23.0,7.0,9.0,3.0,2.0,46.0,350.0,531.0,152.0,190.0,79.0,63.0,162.0,117.0,151.0,118.0,183.0,263.0,152.0,192.0,17.0,4.0,0.0,0.0
Parit Buntar → Nibong Tebal,3.0,1.0,0.0,1.0,0.0,7.0,9.0,43.0,9.0,12.0,13.0,13.0,34.0,22.0,28.0,20.0,22.0,16.0,17.0,24.0,16.0,1.0,2.0,0.0
Parit Buntar → Padang Besar,132.0,52.0,33.0,15.0,70.0,1999.0,1211.0,1890.0,1350.0,977.0,763.0,168.0,307.0,112.0,198.0,63.0,115.0,28.0,64.0,30.0,33.0,23.0,15.0,3.0
Parit Buntar → Padang Rengas,3.0,1.0,1.0,1.0,8.0,24.0,156.0,209.0,137.0,32.0,17.0,15.0,50.0,24.0,34.0,34.0,60.0,59.0,39.0,55.0,6.0,0.0,0.0,1.0
Parit Buntar → Parit Buntar,0.0,4.0,2.0,0.0,0.0,1.0,13.0,8.0,9.0,6.0,2.0,3.0,4.0,5.0,8.0,6.0,15.0,8.0,6.0,1.0,5.0,7.0,16.0,9.0
Parit Buntar → Penalty,0.0,0.0,0.0,0.0,0.0,0.0,17.0,3.0,1.0,0.0,2.0,1.0,0.0,0.0,0.0,0.0,0.0,0.0,0.0,0.0,0.0,0.0,0.0,0.0
Parit Buntar → Simpang Ampat,11.0,5.0,1.0,0.0,2.0,53.0,309.0,364.0,66.0,84.0,130.0,108.0,123.0,109.0,165.0,121.0,166.0,113.0,206.0,222.0,56.0,5.0,2.0,3.0
Parit Buntar → Sungai Petani,21.0,21.0,3.0,6.0,16.0,116.0,401.0,579.0,171.0,305.0,331.0,363.0,274.0,341.0,289.0,537.0,291.0,562.0,398.0,378.0,98.0,11.0,20.0,8.0
Parit Buntar → Sungai Siput,4.0,2.0,1.0,0.0,0.0,31.0,63.0,257.0,48.0,73.0,38.0,28.0,72.0,35.0,85.0,55.0,131.0,105.0,65.0,41.0,31.0,7.0,0.0,0.0
Parit Buntar → Taiping,42.0,22.0,11.0,8.0,14.0,243.0,1174.0,1476.0,898.0,1092.0,242.0,328.0,966.0,367.0,678.0,319.0,598.0,491.0,352.0,256.0,46.0,11.0,4.0,0.0
Parit Buntar → Tasek Gelugor,22.0,9.0,3.0,2.0,3.0,48.0,113.0,194.0,95.0,195.0,107.0,129.0,113.0,203.0,154.0,203.0,120.0,190.0,134.0,202.0,31.0,16.0,28.0,14.0
Parit Buntar → Unknown,0.0,0.0,0.0,0.0,1.0,4.0,7.0,4.0,1.0,1.0,3.0,2.0,4.0,2.0,4.0,0.0,2.0,4.0,4.0,0.0,1.0,0.0,0.0,0.0
Simpang Ampat → Alor Setar,37.0,15.0,9.0,7.0,10.0,184.0,426.0,660.0,131.0,216.0,343.0,201.0,231.0,187.0,210.0,190.0,316.0,227.0,314.0,183.0,125.0,9.0,12.0,3.0
Simpang Ampat → Anak Bukit,8.0,3.0,3.0,3.0,8.0,39.0,141.0,199.0,56.0,87.0,128.0,60.0,100.0,109.0,166.0,97.0,154.0,111.0,191.0,77.0,59.0,8.0,8.0,5.0
Simpang Ampat → Arau,29.0,20.0,19.0,4.0,10.0,129.0,323.0,365.0,90.0,314.0,387.0,128.0,300.0,156.0,327.0,164.0,312.0,174.0,377.0,158.0,134.0,52.0,2.0,5.0
Simpang Ampat → Bagan Serai,7.0,6.0,1.0,0.0,3.0,13.0,173.0,191.0,73.0,227.0,41.0,115.0,299.0,120.0,262.0,108.0,229.0,248.0,308.0,252.0,14.0,1.0,0.0,0.0
Simpang Ampat → Bukit Ketri,1.0,6.0,1.0,0.0,1.0,15.0,33.0,82.0,24.0,46.0,100.0,17.0,35.0,5.0,44.0,14.0,69.0,49.0,84.0,38.0,191.0,21.0,1.0,4.0
Simpang Ampat → Bukit Mertajam,10.0,8.0,4.0,4.0,8.0,67.0,628.0,998.0,291.0,93.0,253.0,97.0,223.0,68.0,235.0,74.0,225.0,101.0,238.0,119.0,63.0,4.0,7.0,3.0
Simpang Ampat → Bukit Tengah,1.0,0.0,1.0,0.0,2.0,4.0,106.0,286.0,105.0,25.0,59.0,20.0,60.0,32.0,47.0,27.0,46.0,23.0,123.0,43.0,11.0,1.0,2.0,2.0
Simpang Ampat → Butterworth,50.0,17.0,11.0,18.0,14.0,244.0,1640.0,3179.0,859.0,634.0,1394.0,377.0,876.0,355.0,927.0,355.0,732.0,371.0,616.0,556.0,174.0,12.0,9.0,7.0
Simpang Ampat → Gurun,8.0,6.0,4.0,3.0,3.0,18.0,69.0,114.0,22.0,36.0,73.0,46.0,50.0,93.0,72.0,61.0,58.0,106.0,145.0,196.0,35.0,0.0,11.0,1.0
Simpang Ampat → Ipoh,125.0,72.0,43.0,13.0,43.0,620.0,1094.0,1153.0,869.0,960.0,266.0,820.0,792.0,507.0,897.0,435.0,910.0,817.0,856.0,421.0,99.0,116.0,10.0,2.0
Simpang Ampat → Kamunting,8.0,1.0,2.0,2.0,3.0,31.0,508.0,540.0,457.0,224.0,190.0,130.0,308.0,206.0,237.0,252.0,375.0,515.0,543.0,323.0,84.0,4.0,0.0,6.0
Simpang Ampat → Kobah,2.0,2.0,3.0,0.0,3.0,23.0,92.0,146.0,34.0,98.0,95.0,54.0,51.0,69.0,78.0,66.0,99.0,104.0,121.0,143.0,51.0,1.0,5.0,1.0
Simpang Ampat → Kodiang,0.0,1.0,0.0,0.0,4.0,37.0,64.0,72.0,13.0,40.0,96.0,15.0,49.0,43.0,68.0,29.0,58.0,40.0,54.0,37.0,20.0,11.0,1.0,7.0
Simpang Ampat → Kuala Kangsar,14.0,5.0,0.0,3.0,6.0,81.0,184.0,174.0,146.0,160.0,124.0,111.0,138.0,115.0,111.0,131.0,177.0,338.0,177.0,237.0,31.0,3.0,0.0,1.0
Simpang Ampat → Nibong Tebal,2.0,5.0,3.0,0.0,1.0,10.0,373.0,636.0,48.0,224.0,13.0,57.0,141.0,76.0,159.0,87.0,267.0,186.0,231.0,103.0,2.0,1.0,0.0,0.0
Simpang Ampat → Padang Besar,75.0,25.0,10.0,10.0,12.0,814.0,763.0,749.0,419.0,251.0,330.0,96.0,128.0,36.0,92.0,16.0,52.0,35.0,31.0,6.0,9.0,1.0,7.0,0.0
Simpang Ampat → Padang Rengas,0.0,0.0,0.0,0.0,0.0,7.0,51.0,114.0,121.0,44.0,21.0,11.0,43.0,17.0,46.0,24.0,53.0,62.0,65.0,76.0,9.0,0.0,0.0,0.0
Simpang Ampat → Parit Buntar,4.0,7.0,3.0,4.0,9.0,30.0,147.0,156.0,81.0,119.0,39.0,74.0,200.0,78.0,203.0,110.0,242.0,338.0,284.0,158.0,9.0,0.0,1.0,5.0
Simpang Ampat → Penalty,0.0,0.0,0.0,0.0,0.0,0.0,12.0,5.0,0.0,0.0,1.0,0.0,0.0,0.0,0.0,0.0,0.0,0.0,0.0,0.0,0.0,0.0,0.0,0.0
Simpang Ampat → Simpang Ampat,0.0,0.0,0.0,0.0,0.0,0.0,13.0,4.0,12.0,1.0,4.0,5.0,2.0,1.0,0.0,2.0,5.0,4.0,9.0,9.0,1.0,1.0,2.0,1.0
Simpang Ampat → Sungai Petani,18.0,18.0,8.0,4.0,4.0,187.0,310.0,760.0,112.0,206.0,334.0,250.0,344.0,299.0,447.0,300.0,456.0,434.0,545.0,575.0,127.0,2.0,18.0,0.0
Simpang Ampat → Sungai Siput,7.0,4.0,2.0,1.0,5.0,38.0,86.0,93.0,89.0,155.0,46.0,77.0,102.0,75.0,130.0,83.0,136.0,143.0,98.0,149.0,138.0,54.0,0.0,1.0
Simpang Ampat → Taiping,38.0,17.0,14.0,8.0,16.0,438.0,867.0,656.0,526.0,805.0,343.0,393.0,628.0,394.0,529.0,392.0,590.0,991.0,820.0,569.0,112.0,5.0,3.0,5.0
Simpang Ampat → Tasek Gelugor,6.0,1.0,1.0,0.0,1.0,60.0,114.0,121.0,30.0,71.0,79.0,65.0,96.0,84.0,183.0,90.0,197.0,100.0,118.0,80.0,12.0,1.0,10.0,0.0
Simpang Ampat → Unknown,0.0,0.0,0.0,0.0,0.0,2.0,5.0,3.0,2.0,2.0,0.0,0.0,2.0,0.0,0.0,2.0,1.0,5.0,2.0,1.0,0.0,0.0,0.0,0.0
Sungai Petani → Alor Setar,273.0,143.0,78.0,49.0,173.0,2182.0,10203.0,11420.0,10499.0,3610.0,5635.0,3408.0,5415.0,3124.0,5150.0,6031.0,5538.0,6521.0,6535.0,4898.0,1801.0,2508.0,625.0,66.0
Sungai Petani → Anak Bukit,127.0,62.0,26.0,22.0,55.0,976.0,5813.0,7314.0,4536.0,1422.0,2237.0,1297.0,2337.0,1494.0,2803.0,3162.0,3577.0,3932.0,4353.0,2867.0,1287.0,1512.0,385.0,76.0
Sungai Petani → Arau,239.0,114.0,79.0,42.0,191.0,2594.0,6495.0,5110.0,4869.0,2142.0,4313.0,1755.0,4291.0,1819.0,4617.0,4602.0,4689.0,4235.0,4003.0,4249.0,1520.0,2674.0,206.0,336.0
Sungai Petani → Bagan Serai,10.0,5.0,7.0,1.0,5.0,17.0,187.0,150.0,206.0,101.0,122.0,205.0,119.0,233.0,152.0,308.0,230.0,444.0,164.0,130.0,19.0,6.0,3.0,1.0
Sungai Petani → Bukit Ketri,17.0,22.0,7.0,7.0,15.0,243.0,626.0,751.0,714.0,368.0,565.0,289.0,546.0,269.0,678.0,612.0,815.0,716.0,956.0,958.0,337.0,671.0,37.0,101.0
Sungai Petani → Bukit Mertajam,226.0,89.0,25.0,33.0,57.0,569.0,5502.0,10178.0,5912.0,4703.0,2207.0,2981.0,1739.0,2328.0,1485.0,2584.0,2945.0,2703.0,2830.0,2280.0,2117.0,545.0,722.0,245.0
Sungai Petani → Bukit Tengah,40.0,29.0,15.0,13.0,27.0,258.0,2602.0,4429.0,1571.0,763.0,383.0,844.0,440.0,725.0,554.0,959.0,1041.0,1041.0,1133.0,880.0,788.0,227.0,279.0,109.0
Sungai Petani → Butterworth,265.0,141.0,90.0,53.0,75.0,748.0,6693.0,7650.0,6071.0,6256.0,3116.0,5259.0,2632.0,4347.0,2403.0,4230.0,4391.0,3553.0,2935.0,2192.0,1871.0,640.0,531.0,95.0
Sungai Petani → Gurun,22.0,16.0,18.0,28.0,144.0,615.0,803.0,832.0,784.0,292.0,555.0,500.0,650.0,666.0,1147.0,1409.0,1201.0,1413.0,1669.0,1039.0,451.0,444.0,220.0,5.0
Sungai Petani → Ipoh,188.0,92.0,54.0,34.0,35.0,286.0,1125.0,850.0,1651.0,685.0,768.0,1599.0,745.0,1397.0,1011.0,1587.0,1273.0,1035.0,880.0,272.0,136.0,109.0,28.0,2.0
Sungai Petani → Kamunting,16.0,11.0,5.0,4.0,1.0,33.0,479.0,129.0,275.0,94.0,127.0,246.0,104.0,242.0,132.0,311.0,193.0,237.0,199.0,42.0,24.0,8.0,1.0,0.0
Sungai Petani → Kobah,33.0,16.0,8.0,16.0,64.0,299.0,1025.0,1448.0,870.0,401.0,719.0,495.0,809.0,544.0,1043.0,1207.0,1472.0,2085.0,1891.0,1321.0,685.0,504.0,247.0,19.0
Sungai Petani → Kodiang,27.0,11.0,20.0,8.0,17.0,374.0,717.0,693.0,655.0,393.0,832.0,376.0,901.0,482.0,1064.0,1199.0,1267.0,1315.0,1017.0,870.0,430.0,705.0,54.0,105.0
Sungai Petani → Kuala Kangsar,10.0,22.0,6.0,8.0,9.0,51.0,260.0,173.0,290.0,120.0,193.0,324.0,171.0,414.0,202.0,439.0,279.0,381.0,179.0,73.0,34.0,11.0,5.0,2.0
Sungai Petani → Nibong Tebal,5.0,3.0,13.0,4.0,5.0,42.0,410.0,461.0,284.0,149.0,149.0,333.0,257.0,448.0,309.0,625.0,840.0,355.0,393.0,114.0,20.0,11.0,5.0,1.0
Sungai Petani → Padang Besar,565.0,184.0,117.0,90.0,450.0,4944.0,5343.0,8324.0,10816.0,4595.0,6346.0,2310.0,3494.0,1393.0,2288.0,1484.0,944.0,586.0,453.0,388.0,144.0,305.0,50.0,90.0
Sungai Petani → Padang Rengas,4.0,0.0,2.0,0.0,5.0,21.0,71.0,29.0,142.0,35.0,47.0,69.0,21.0,59.0,46.0,94.0,33.0,75.0,74.0,6.0,6.0,1.0,1.0,0.0
Sungai Petani → Parit Buntar,16.0,8.0,3.0,4.0,9.0,40.0,663.0,646.0,423.0,207.0,225.0,371.0,270.0,412.0,257.0,457.0,447.0,421.0,449.0,188.0,37.0,4.0,2.0,3.0
Sungai Petani → Penalty,0.0,0.0,0.0,0.0,0.0,0.0,36.0,21.0,1.0,1.0,7.0,3.0,0.0,0.0,0.0,0.0,0.0,0.0,0.0,0.0,0.0,0.0,0.0,1.0
Sungai Petani → Simpang Ampat,20.0,11.0,7.0,6.0,6.0,68.0,535.0,532.0,434.0,202.0,158.0,435.0,235.0,515.0,298.0,566.0,464.0,642.0,540.0,119.0,44.0,10.0,3.0,1.0
Sungai Petani → Sungai Petani,2.0,3.0,2.0,2.0,0.0,2.0,41.0,42.0,20.0,9.0,14.0,16.0,8.0,14.0,16.0,11.0,10.0,11.0,13.0,10.0,8.0,4.0,8.0,5.0
Sungai Petani → Sungai Siput,9.0,3.0,3.0,2.0,3.0,25.0,122.0,63.0,142.0,56.0,88.0,154.0,66.0,188.0,105.0,201.0,137.0,145.0,78.0,14.0,13.0,12.0,1.0,1.0
Sungai Petani → Taiping,35.0,26.0,4.0,1.0,10.0,166.0,646.0,314.0,680.0,218.0,328.0,605.0,265.0,624.0,318.0,796.0,578.0,719.0,588.0,130.0,59.0,3.0,6.0,1.0
Sungai Petani → Tasek Gelugor,51.0,18.0,13.0,3.0,24.0,90.0,724.0,1657.0,1038.0,844.0,425.0,851.0,471.0,931.0,702.0,1231.0,1209.0,1331.0,1362.0,785.0,617.0,178.0,279.0,77.0
Sungai Petani → Unknown,0.0,0.0,0.0,0.0,1.0,5.0,15.0,13.0,3.0,5.0,3.0,4.0,10.0,4.0,9.0,1.0,11.0,21.0,7.0,4.0,4.0,3.0,0.0,0.0
Sungai Siput → Alor Setar,17.0,2.0,3.0,1.0,79.0,15.0,31.0,34.0,97.0,48.0,65.0,46.0,51.0,46.0,74.0,40.0,52.0,80.0,15.0,4.0,15.0,3.0,0.0,0.0
Sungai Siput → Anak Bukit,2.0,1.0,3.0,0.0,15.0,14.0,12.0,17.0,39.0,21.0,20.0,17.0,43.0,29.0,44.0,39.0,44.0,37.0,23.0,1.0,9.0,2.0,3.0,1.0
Sungai Siput → Arau,22.0,9.0,5.0,7.0,60.0,46.0,86.0,58.0,156.0,83.0,121.0,56.0,140.0,55.0,153.0,27.0,118.0,92.0,63.0,3.0,7.0,13.0,2.0,5.0
Sungai Siput → Bagan Serai,0.0,1.0,0.0,0.0,2.0,17.0,79.0,49.0,44.0,26.0,55.0,28.0,57.0,24.0,202.0,34.0,60.0,44.0,44.0,14.0,4.0,1.0,1.0,0.0
Sungai Siput → Bukit Ketri,1.0,0.0,0.0,0.0,8.0,0.0,7.0,3.0,32.0,9.0,12.0,6.0,40.0,18.0,24.0,14.0,41.0,21.0,6.0,0.0,1.0,1.0,0.0,2.0
Sungai Siput → Bukit Mertajam,11.0,5.0,9.0,10.0,82.0,192.0,303.0,78.0,345.0,96.0,207.0,107.0,198.0,109.0,257.0,132.0,211.0,243.0,198.0,30.0,55.0,13.0,0.0,0.0
Sungai Siput → Bukit Tengah,0.0,3.0,0.0,1.0,37.0,101.0,136.0,72.0,77.0,39.0,94.0,23.0,55.0,30.0,83.0,32.0,94.0,95.0,106.0,34.0,44.0,2.0,0.0,2.0
Sungai Siput → Butterworth,35.0,29.0,10.0,31.0,258.0,192.0,621.0,252.0,653.0,248.0,390.0,191.0,313.0,204.0,309.0,153.0,289.0,312.0,208.0,109.0,41.0,6.0,1.0,2.0
Sungai Siput → Gurun,1.0,0.0,0.0,0.0,5.0,8.0,28.0,19.0,24.0,12.0,12.0,19.0,18.0,10.0,38.0,19.0,24.0,48.0,6.0,14.0,19.0,0.0,2.0,0.0
Sungai Siput → Ipoh,95.0,29.0,15.0,13.0,10.0,76.0,1530.0,2985.0,1684.0,497.0,1166.0,289.0,187.0,853.0,302.0,480.0,214.0,403.0,514.0,161.0,71.0,13.0,6.0,5.0
Sungai Siput → Kamunting,8.0,3.0,1.0,1.0,4.0,126.0,423.0,64.0,59.0,56.0,80.0,42.0,47.0,78.0,93.0,78.0,95.0,286.0,151.0,10.0,0.0,0.0,0.0,0.0
Sungai Siput → Kobah,1.0,0.0,0.0,2.0,45.0,56.0,32.0,11.0,16.0,13.0,10.0,12.0,15.0,12.0,11.0,23.0,12.0,28.0,1.0,2.0,4.0,0.0,0.0,0.0
Sungai Siput → Kodiang,0.0,0.0,0.0,1.0,5.0,5.0,1.0,4.0,8.0,3.0,7.0,10.0,11.0,7.0,17.0,4.0,7.0,7.0,3.0,0.0,2.0,0.0,0.0,0.0
Sungai Siput → Kuala Kangsar,5.0,0.0,3.0,0.0,1.0,6.0,77.0,24.0,71.0,31.0,51.0,47.0,83.0,73.0,51.0,58.0,46.0,135.0,133.0,11.0,3.0,1.0,1.0,0.0
Sungai Siput → Nibong Tebal,9.0,4.0,0.0,1.0,14.0,44.0,77.0,46.0,60.0,30.0,87.0,64.0,81.0,57.0,159.0,44.0,103.0,109.0,89.0,8.0,4.0,2.0,0.0,0.0
Sungai Siput → Padang Besar,11.0,19.0,14.0,12.0,387.0,242.0,291.0,38.0,248.0,88.0,114.0,20.0,37.0,10.0,35.0,3.0,29.0,7.0,8.0,9.0,1.0,5.0,0.0,0.0
Sungai Siput → Padang Rengas,0.0,3.0,0.0,0.0,7.0,16.0,23.0,2.0,11.0,17.0,17.0,6.0,7.0,3.0,17.0,18.0,5.0,16.0,19.0,4.0,0.0,0.0,0.0,0.0
Sungai Siput → Parit Buntar,10.0,3.0,10.0,2.0,6.0,32.0,94.0,42.0,88.0,44.0,88.0,52.0,97.0,35.0,96.0,38.0,91.0,96.0,182.0,101.0,12.0,0.0,0.0,0.0
Sungai Siput → Penalty,0.0,0.0,0.0,0.0,0.0,0.0,3.0,2.0,1.0,0.0,2.0,0.0,0.0,0.0,0.0,0.0,1.0,0.0,0.0,0.0,0.0,0.0,0.0,0.0
Sungai Siput → Simpang Ampat,10.0,3.0,2.0,3.0,49.0,137.0,326.0,104.0,111.0,51.0,122.0,79.0,83.0,53.0,107.0,60.0,154.0,147.0,130.0,34.0,26.0,1.0,5.0,1.0
Sungai Siput → Sungai Petani,11.0,6.0,4.0,3.0,23.0,33.0,100.0,72.0,118.0,50.0,117.0,84.0,131.0,107.0,180.0,127.0,160.0,183.0,46.0,33.0,19.0,0.0,2.0,1.0
Sungai Siput → Sungai Siput,1.0,2.0,0.0,0.0,0.0,0.0,3.0,0.0,2.0,1.0,0.0,2.0,0.0,1.0,2.0,2.0,1.0,2.0,2.0,0.0,2.0,3.0,0.0,0.0
Sungai Siput → Taiping,10.0,4.0,4.0,8.0,18.0,216.0,584.0,487.0,272.0,163.0,235.0,173.0,192.0,211.0,258.0,326.0,230.0,661.0,250.0,31.0,1.0,4.0,2.0,1.0
Sungai Siput → Tasek Gelugor,6.0,2.0,1.0,1.0,9.0,12.0,41.0,21.0,30.0,23.0,66.0,42.0,45.0,36.0,48.0,41.0,63.0,90.0,16.0,18.0,12.0,0.0,1.0,0.0
Sungai Siput → Unknown,0.0,0.0,0.0,0.0,2.0,0.0,2.0,2.0,3.0,0.0,2.0,1.0,3.0,0.0,5.0,0.0,1.0,0.0,0.0,0.0,0.0,0.0,0.0,0.0
Taiping → Alor Setar,44.0,16.0,13.0,6.0,39.0,202.0,385.0,209.0,227.0,468.0,210.0,382.0,232.0,404.0,306.0,491.0,263.0,465.0,217.0,259.0,193.0,21.0,10.0,1.0
Taiping → Anak Bukit,13.0,4.0,7.0,3.0,58.0,138.0,211.0,140.0,73.0,187.0,110.0,181.0,97.0,262.0,178.0,331.0,164.0,450.0,249.0,57.0,96.0,13.0,13.0,1.0
Taiping → Arau,75.0,33.0,27.0,14.0,65.0,191.0,489.0,197.0,326.0,544.0,241.0,360.0,351.0,469.0,338.0,435.0,266.0,408.0,291.0,44.0,87.0,38.0,2.0,5.0
Taiping → Bagan Serai,14.0,9.0,4.0,1.0,2.0,59.0,210.0,166.0,67.0,208.0,153.0,405.0,238.0,329.0,263.0,359.0,301.0,573.0,677.0,305.0,17.0,2.0,2.0,3.0
Taiping → Bukit Ketri,1.0,4.0,3.0,0.0,6.0,9.0,37.0,25.0,16.0,41.0,13.0,43.0,18.0,33.0,34.0,43.0,36.0,99.0,49.0,11.0,31.0,16.0,0.0,2.0
Taiping → Bukit Mertajam,67.0,38.0,26.0,9.0,63.0,277.0,2034.0,811.0,1137.0,1105.0,661.0,889.0,528.0,897.0,570.0,1132.0,667.0,1294.0,1077.0,475.0,226.0,24.0,41.0,12.0
Taiping → Bukit Tengah,18.0,14.0,7.0,4.0,12.0,279.0,1031.0,876.0,441.0,274.0,155.0,266.0,188.0,266.0,206.0,445.0,194.0,687.0,496.0,246.0,98.0,4.0,2.0,2.0
Taiping → Butterworth,289.0,97.0,43.0,55.0,186.0,1443.0,3753.0,1645.0,1803.0,3238.0,1426.0,2323.0,1287.0,2253.0,1133.0,2362.0,1062.0,2433.0,1603.0,1005.0,178.0,40.0,10.0,19.0
Taiping → Gurun,28.0,4.0,3.0,3.0,12.0,35.0,84.0,50.0,47.0,111.0,66.0,125.0,78.0,160.0,68.0,215.0,75.0,211.0,80.0,47.0,6.0,7.0,8.0,0.0
Taiping → Ipoh,402.0,210.0,87.0,54.0,103.0,1038.0,6222.0,7074.0,2660.0,4952.0,1900.0,1992.0,3670.0,1874.0,3943.0,1767.0,3663.0,2016.0,4539.0,2266.0,623.0,220.0,31.0,9.0
Taiping → Kamunting,7.0,6.0,1.0,1.0,1.0,6.0,20.0,14.0,13.0,15.0,14.0,33.0,12.0,53.0,19.0,41.0,16.0,47.0,81.0,14.0,7.0,4.0,2.0,0.0
Taiping → Kobah,4.0,2.0,4.0,0.0,22.0,72.0,95.0,74.0,55.0,132.0,67.0,106.0,56.0,133.0,69.0,160.0,90.0,200.0,117.0,36.0,13.0,1.0,4.0,0.0
Taiping → Kodiang,6.0,3.0,1.0,1.0,5.0,8.0,24.0,21.0,15.0,45.0,24.0,48.0,27.0,65.0,33.0,65.0,31.0,60.0,50.0,18.0,10.0,7.0,0.0,2.0
Taiping → Kuala Kangsar,69.0,19.0,7.0,9.0,10.0,34.0,719.0,904.0,248.0,421.0,432.0,233.0,700.0,548.0,676.0,606.0,770.0,1134.0,802.0,879.0,171.0,11.0,16.0,4.0
Taiping → Nibong Tebal,10.0,18.0,7.0,3.0,22.0,181.0,996.0,1228.0,167.0,383.0,217.0,355.0,382.0,569.0,251.0,650.0,458.0,574.0,781.0,314.0,104.0,2.0,0.0,3.0
Taiping → Padang Besar,172.0,116.0,64.0,51.0,872.0,2368.0,1909.0,405.0,1274.0,806.0,306.0,216.0,212.0,155.0,67.0,82.0,41.0,65.0,26.0,6.0,9.0,21.0,0.0,4.0
Taiping → Padang Rengas,6.0,1.0,0.0,0.0,1.0,44.0,469.0,129.0,29.0,65.0,80.0,27.0,139.0,95.0,143.0,120.0,269.0,361.0,271.0,219.0,64.0,5.0,1.0,0.0
Taiping → Parit Buntar,33.0,16.0,6.0,4.0,13.0,41.0,549.0,439.0,160.0,371.0,236.0,452.0,414.0,537.0,444.0,669.0,487.0,776.0,1060.0,381.0,115.0,7.0,22.0,9.0
Taiping → Penalty,0.0,0.0,0.0,0.0,0.0,0.0,25.0,5.0,1.0,1.0,7.0,2.0,2.0,1.0,0.0,0.0,1.0,0.0,0.0,0.0,0.0,1.0,0.0,0.0
Taiping → Simpang Ampat,44.0,17.0,6.0,6.0,46.0,132.0,1064.0,615.0,508.0,472.0,316.0,532.0,306.0,559.0,382.0,719.0,470.0,960.0,900.0,425.0,81.0,7.0,4.0,4.0
Taiping → Sungai Petani,49.0,33.0,14.0,8.0,123.0,213.0,561.0,452.0,316.0,482.0,249.0,481.0,286.0,704.0,487.0,710.0,332.0,1089.0,414.0,259.0,82.0,13.0,12.0,6.0
Taiping → Sungai Siput,15.0,5.0,0.0,2.0,6.0,44.0,539.0,653.0,310.0,194.0,148.0,54.0,255.0,180.0,289.0,206.0,432.0,414.0,289.0,192.0,59.0,5.0,0.0,1.0
Taiping → Taiping,0.0,1.0,4.0,1.0,2.0,1.0,10.0,17.0,14.0,4.0,6.0,3.0,5.0,5.0,8.0,8.0,9.0,12.0,4.0,11.0,4.0,7.0,3.0,5.0
Taiping → Tasek Gelugor,7.0,4.0,1.0,2.0,9.0,67.0,351.0,130.0,171.0,171.0,107.0,154.0,110.0,197.0,175.0,344.0,150.0,413.0,163.0,109.0,24.0,7.0,6.0,4.0
Taiping → Unknown,0.0,0.0,0.0,0.0,2.0,1.0,11.0,4.0,6.0,1.0,4.0,3.0,4.0,2.0,3.0,1.0,6.0,8.0,6.0,2.0,1.0,2.0,2.0,0.0
Tasek Gelugor → Alor Setar,165.0,92.0,49.0,33.0,211.0,1023.0,4472.0,4621.0,4672.0,1413.0,2679.0,1202.0,2234.0,1135.0,2350.0,2653.0,2459.0,2686.0,2678.0,2457.0,1053.0,1459.0,279.0,40.0
Tasek Gelugor → Anak Bukit,67.0,36.0,17.0,16.0,105.0,949.0,3595.0,3759.0,3017.0,796.0,1332.0,777.0,1333.0,656.0,1392.0,1602.0,2303.0,2437.0,2863.0,1832.0,824.0,1199.0,205.0,97.0
Tasek Gelugor → Arau,201.0,104.0,71.0,94.0,289.0,1320.0,3878.0,3393.0,3219.0,1302.0,3220.0,984.0,2685.0,1022.0,3159.0,2888.0,3377.0,3444.0,3801.0,2902.0,1168.0,1924.0,27.0,239.0
Tasek Gelugor → Bagan Serai,5.0,5.0,3.0,0.0,1.0,20.0,104.0,158.0,111.0,49.0,31.0,89.0,52.0,116.0,41.0,104.0,126.0,175.0,171.0,65.0,7.0,4.0,0.0,2.0
Tasek Gelugor → Bukit Ketri,23.0,3.0,8.0,4.0,26.0,217.0,475.0,516.0,503.0,149.0,418.0,100.0,399.0,110.0,479.0,388.0,547.0,525.0,556.0,482.0,159.0,563.0,1.0,60.0
Tasek Gelugor → Bukit Mertajam,26.0,17.0,11.0,6.0,5.0,161.0,1078.0,2040.0,800.0,711.0,308.0,395.0,236.0,346.0,223.0,447.0,551.0,432.0,748.0,614.0,919.0,77.0,76.0,28.0
Tasek Gelugor → Bukit Tengah,4.0,4.0,5.0,3.0,1.0,11.0,241.0,758.0,145.0,147.0,55.0,154.0,50.0,135.0,75.0,131.0,193.0,176.0,416.0,187.0,112.0,26.0,28.0,6.0
Tasek Gelugor → Butterworth,118.0,55.0,33.0,15.0,58.0,148.0,2095.0,4503.0,1733.0,1648.0,681.0,1290.0,633.0,967.0,567.0,949.0,985.0,883.0,982.0,785.0,623.0,176.0,151.0,79.0
Tasek Gelugor → Gurun,12.0,12.0,5.0,4.0,12.0,117.0,501.0,938.0,393.0,223.0,362.0,197.0,315.0,263.0,434.0,592.0,503.0,753.0,747.0,638.0,254.0,259.0,75.0,4.0
Tasek Gelugor → Ipoh,53.0,37.0,20.0,4.0,9.0,68.0,402.0,194.0,566.0,250.0,222.0,523.0,192.0,479.0,211.0,446.0,386.0,395.0,368.0,47.0,40.0,62.0,5.0,0.0
Tasek Gelugor → Kamunting,3.0,5.0,3.0,1.0,2.0,32.0,334.0,49.0,102.0,31.0,34.0,89.0,44.0,102.0,50.0,137.0,83.0,104.0,88.0,36.0,32.0,2.0,1.0,1.0
Tasek Gelugor → Kobah,11.0,6.0,2.0,6.0,13.0,125.0,1264.0,1228.0,701.0,329.0,567.0,275.0,496.0,326.0,565.0,768.0,708.0,1344.0,1612.0,1085.0,489.0,466.0,168.0,12.0
Tasek Gelugor → Kodiang,28.0,7.0,5.0,7.0,18.0,255.0,442.0,480.0,466.0,205.0,589.0,214.0,548.0,263.0,622.0,748.0,734.0,632.0,766.0,557.0,286.0,550.0,3.0,92.0
Tasek Gelugor → Kuala Kangsar,8.0,5.0,3.0,3.0,1.0,9.0,84.0,85.0,162.0,39.0,60.0,139.0,43.0,150.0,63.0,165.0,99.0,97.0,102.0,18.0,6.0,4.0,0.0,0.0
Tasek Gelugor → Nibong Tebal,18.0,21.0,2.0,0.0,15.0,145.0,239.0,703.0,151.0,195.0,95.0,207.0,152.0,264.0,145.0,383.0,300.0,280.0,201.0,49.0,9.0,4.0,4.0,2.0
Tasek Gelugor → Padang Besar,315.0,191.0,84.0,161.0,504.0,4051.0,4563.0,6388.0,7323.0,2953.0,4456.0,1296.0,2427.0,800.0,1353.0,849.0,669.0,488.0,307.0,260.0,140.0,163.0,18.0,37.0
Tasek Gelugor → Padang Rengas,4.0,2.0,0.0,0.0,0.0,5.0,63.0,25.0,109.0,11.0,9.0,25.0,5.0,32.0,5.0,27.0,17.0,18.0,41.0,6.0,6.0,1.0,0.0,0.0
Tasek Gelugor → Parit Buntar,2.0,6.0,4.0,2.0,2.0,20.0,136.0,253.0,109.0,86.0,55.0,161.0,110.0,141.0,114.0,209.0,184.0,191.0,227.0,64.0,11.0,5.0,1.0,7.0
Tasek Gelugor → Penalty,0.0,0.0,0.0,0.0,0.0,0.0,40.0,16.0,2.0,0.0,6.0,0.0,4.0,0.0,2.0,0.0,0.0,1.0,1.0,0.0,1.0,0.0,0.0,3.0
Tasek Gelugor → Simpang Ampat,5.0,2.0,0.0,1.0,0.0,8.0,181.0,82.0,84.0,46.0,37.0,108.0,74.0,140.0,65.0,139.0,111.0,115.0,89.0,27.0,3.0,4.0,0.0,0.0
Tasek Gelugor → Sungai Petani,43.0,17.0,12.0,9.0,17.0,139.0,895.0,2392.0,1030.0,399.0,917.0,446.0,792.0,535.0,984.0,1179.0,1025.0,1315.0,1053.0,909.0,250.0,342.0,141.0,11.0
Tasek Gelugor → Sungai Siput,0.0,0.0,0.0,0.0,0.0,6.0,34.0,18.0,83.0,23.0,23.0,62.0,13.0,69.0,28.0,69.0,43.0,46.0,58.0,8.0,13.0,6.0,0.0,0.0
Tasek Gelugor → Taiping,21.0,6.0,2.0,4.0,5.0,94.0,591.0,160.0,338.0,92.0,113.0,214.0,88.0,256.0,100.0,244.0,187.0,297.0,210.0,32.0,29.0,9.0,7.0,2.0
Tasek Gelugor → Tasek Gelugor,4.0,1.0,0.0,0.0,2.0,3.0,18.0,22.0,4.0,7.0,7.0,10.0,11.0,3.0,7.0,9.0,9.0,6.0,9.0,10.0,7.0,3.0,4.0,5.0
Tasek Gelugor → Unknown,0.0,0.0,0.0,0.0,0.0,4.0,19.0,13.0,4.0,3.0,6.0,1.0,4.0,2.0,5.0,6.0,9.0,5.0,2.0,1.0,1.0,1.0,1.0,0.0
Unknown → Alor Setar,0.0,0.0,0.0,0.0,0.0,0.0,77.0,28.0,12.0,4.0,18.0,7.0,10.0,8.0,5.0,6.0,8.0,2.0,13.0,13.0,7.0,6.0,5.0,5.0
Unknown → Anak Bukit,0.0,0.0,0.0,0.0,0.0,0.0,17.0,13.0,4.0,3.0,18.0,4.0,2.0,1.0,0.0,3.0,3.0,4.0,4.0,7.0,6.0,1.0,3.0,1.0
Unknown → Arau,0.0,0.0,0.0,0.0,1.0,0.0,48.0,21.0,6.0,7.0,18.0,4.0,9.0,2.0,9.0,7.0,7.0,3.0,7.0,9.0,5.0,7.0,4.0,4.0
Unknown → Bagan Serai,0.0,0.0,0.0,0.0,0.0,1.0,8.0,3.0,3.0,2.0,3.0,0.0,2.0,1.0,1.0,1.0,2.0,1.0,1.0,2.0,0.0,0.0,0.0,0.0
Unknown → Bukit Ketri,0.0,0.0,0.0,0.0,0.0,0.0,11.0,8.0,3.0,3.0,2.0,2.0,4.0,0.0,2.0,0.0,1.0,1.0,3.0,4.0,1.0,2.0,0.0,0.0
Unknown → Bukit Mertajam,2.0,0.0,0.0,0.0,0.0,2.0,49.0,17.0,17.0,8.0,19.0,7.0,10.0,0.0,10.0,7.0,8.0,11.0,7.0,13.0,10.0,5.0,1.0,6.0
Unknown → Bukit Tengah,0.0,0.0,0.0,0.0,0.0,0.0,26.0,15.0,4.0,1.0,3.0,2.0,2.0,1.0,1.0,0.0,3.0,1.0,3.0,1.0,3.0,0.0,0.0,1.0
Unknown → Butterworth,1.0,0.0,0.0,0.0,0.0,0.0,56.0,24.0,14.0,11.0,36.0,26.0,40.0,0.0,9.0,16.0,19.0,21.0,17.0,5.0,19.0,9.0,4.0,4.0
Unknown → Gurun,0.0,0.0,0.0,0.0,0.0,0.0,17.0,11.0,2.0,2.0,3.0,3.0,1.0,2.0,1.0,6.0,4.0,4.0,8.0,6.0,4.0,0.0,2.0,1.0
Unknown → Ipoh,0.0,1.0,0.0,0.0,0.0,0.0,29.0,11.0,3.0,5.0,8.0,3.0,6.0,3.0,7.0,1.0,5.0,0.0,7.0,1.0,7.0,10.0,0.0,0.0
Unknown → Kamunting,0.0,0.0,0.0,0.0,0.0,0.0,3.0,1.0,0.0,0.0,1.0,0.0,0.0,3.0,0.0,1.0,2.0,2.0,2.0,2.0,0.0,1.0,0.0,2.0
Unknown → Kobah,0.0,0.0,0.0,0.0,0.0,0.0,22.0,8.0,4.0,2.0,3.0,1.0,0.0,3.0,0.0,9.0,2.0,4.0,8.0,9.0,6.0,0.0,2.0,0.0
Unknown → Kodiang,0.0,0.0,0.0,0.0,0.0,0.0,9.0,8.0,3.0,0.0,1.0,0.0,2.0,2.0,0.0,1.0,3.0,2.0,2.0,0.0,0.0,0.0,0.0,0.0
Unknown → Kuala Kangsar,0.0,0.0,0.0,0.0,0.0,0.0,7.0,7.0,1.0,0.0,2.0,6.0,3.0,1.0,0.0,3.0,0.0,3.0,3.0,1.0,0.0,2.0,0.0,0.0
Unknown → Nibong Tebal,0.0,0.0,0.0,0.0,0.0,0.0,8.0,4.0,2.0,2.0,0.0,0.0,1.0,0.0,2.0,0.0,4.0,1.0,2.0,1.0,0.0,0.0,2.0,0.0
Unknown → Padang Besar,0.0,0.0,0.0,0.0,6.0,1.0,36.0,28.0,30.0,17.0,25.0,5.0,49.0,1.0,9.0,6.0,9.0,8.0,1.0,0.0,1.0,4.0,0.0,0.0
Unknown → Padang Rengas,0.0,0.0,0.0,0.0,0.0,0.0,1.0,0.0,0.0,0.0,1.0,0.0,0.0,2.0,1.0,0.0,0.0,0.0,0.0,0.0,0.0,0.0,0.0,0.0
Unknown → Parit Buntar,0.0,0.0,0.0,0.0,0.0,0.0,8.0,6.0,0.0,2.0,5.0,0.0,0.0,2.0,1.0,3.0,18.0,3.0,12.0,14.0,2.0,0.0,1.0,2.0
Unknown → Simpang Ampat,0.0,0.0,0.0,0.0,0.0,0.0,13.0,3.0,1.0,2.0,4.0,0.0,0.0,0.0,1.0,0.0,3.0,0.0,12.0,2.0,0.0,1.0,0.0,0.0
Unknown → Sungai Petani,0.0,0.0,0.0,0.0,0.0,0.0,48.0,24.0,4.0,2.0,13.0,10.0,3.0,5.0,6.0,12.0,10.0,4.0,12.0,5.0,3.0,4.0,4.0,4.0
Unknown → Sungai Siput,0.0,0.0,0.0,0.0,0.0,0.0,3.0,0.0,0.0,0.0,2.0,0.0,0.0,1.0,0.0,1.0,0.0,2.0,4.0,0.0,1.0,0.0,0.0,0.0
Unknown → Taiping,1.0,1.0,0.0,0.0,0.0,0.0,12.0,8.0,5.0,3.0,9.0,4.0,1.0,9.0,2.0,3.0,2.0,7.0,6.0,6.0,3.0,2.0,0.0,0.0
Unknown → Tasek Gelugor,1.0,1.0,0.0,2.0,0.0,1.0,40.0,18.0,3.0,1.0,21.0,4.0,7.0,3.0,8.0,4.0,3.0,7.0,8.0,6.0,2.0,4.0,0.0,1.0
